intergenetic,motif_scores,compA_d,compT_d,compG_d,compC_d,compA_u,compT_u,compG_u,compC_u,tfs_D_fw,tfs_D_rv,tfs_U_fw,tfs_U_fw
0,21.0476,0.28,0.36,0.16,0.2,0.24000000000000002,0.4799999999999999,0.16,0.12,36676.0,9609.5,8298.0,1474.5
1,18.8214,0.32,0.28,0.2,0.2,0.24000000000000002,0.5199999999999999,0.2,0.04,5377.0,8576.5,18080.0,6832.5
0,18.4048,0.32,0.32,0.12,0.24000000000000002,0.4799999999999999,0.2,0.12,0.2,17556.5,26751.0,3557.0,3557.0
0,18.3571,0.43999999999999995,0.16,0.28,0.12,0.24000000000000002,0.43999999999999995,0.2,0.12,11092.0,1115.0,6047.5,6047.5
0,18.0119,0.43999999999999995,0.2,0.16,0.2,0.32,0.2,0.28,0.2,36451.0,3742.0,1890.5,1788.5
0,17.7976,0.4799999999999999,0.32,0.16,0.04,0.4799999999999999,0.28,0.16,0.08,15242.0,31832.0,1267.5,12077.0
0,17.7738,0.5199999999999999,0.2,0.2,0.08,0.32,0.32,0.16,0.2,6064.0,8980.0,8160.0,8160.0
1,17.7262,0.2,0.32,0.28,0.2,0.39999999999999997,0.16,0.32,0.12,26659.0,5.0,24177.5,4.0
0,17.5476,0.28,0.24000000000000002,0.24000000000000002,0.24000000000000002,0.39999999999999997,0.32,0.08,0.2,3105.5,9392.0,772.5,772.5
0,17.5,0.16,0.28,0.32,0.24000000000000002,0.24000000000000002,0.28,0.28,0.2,12714.0,38516.0,19726.5,10461.5
1,17.4167,0.24000000000000002,0.36,0.28,0.12,0.16,0.6,0.2,0.04,10767.0,5041.0,100668.0,63472.5
0,17.0476,0.43999999999999995,0.12,0.28,0.16,0.28,0.24000000000000002,0.28,0.2,3623.0,8682.5,42903.5,27132.0
0,16.8214,0.39999999999999997,0.28,0.16,0.16,0.43999999999999995,0.04,0.12,0.39999999999999997,14478.0,3456.5,58204.0,10776.0
0,16.631,0.32,0.2,0.2,0.28,0.24000000000000002,0.4799999999999999,0.16,0.12,55577.5,37174.0,26933.0,10770.5
1,16.631,0.28,0.28,0.28,0.16,0.16,0.28,0.08,0.4799999999999999,83343.0,1902.5,25081.0,5695.0
1,16.4762,0.28,0.39999999999999997,0.12,0.2,0.24000000000000002,0.43999999999999995,0.16,0.16,36867.5,18464.0,45643.0,29480.5
1,16.3929,0.24000000000000002,0.24000000000000002,0.24000000000000002,0.28,0.24000000000000002,0.32,0.24000000000000002,0.2,64510.0,47644.0,16591.0,7327.0
1,16.2976,0.16,0.6,0.0,0.24000000000000002,0.24000000000000002,0.39999999999999997,0.12,0.24000000000000002,13676.5,14818.5,22830.5,33090.5
0,16.2857,0.39999999999999997,0.28,0.16,0.16,0.64,0.08,0.2,0.08,43327.0,16105.5,36605.5,2806.5
0,16.25,0.16,0.24000000000000002,0.28,0.32,0.2,0.36,0.28,0.16,16881.5,10598.0,236.0,236.0
0,16.1548,0.39999999999999997,0.32,0.16,0.12,0.5199999999999999,0.16,0.16,0.16,72278.0,66552.0,39157.0,1961.5
0,15.9286,0.39999999999999997,0.24000000000000002,0.16,0.2,0.28,0.43999999999999995,0.12,0.16,16663.5,41222.0,6331.0,16115.5
0,15.9167,0.6,0.16,0.12,0.12,0.28,0.36,0.16,0.2,47891.0,22612.5,24791.0,5879.0
1,15.8214,0.32,0.32,0.2,0.16,0.28,0.2,0.24000000000000002,0.28,79.0,7820.5,25294.0,47119.5
0,15.8095,0.28,0.32,0.16,0.24000000000000002,0.08,0.39999999999999997,0.36,0.16,13899.0,4733.5,946.0,17823.0
0,15.7738,0.24000000000000002,0.2,0.24000000000000002,0.32,0.16,0.08,0.43999999999999995,0.32,17848.0,21131.0,20493.5,13947.0
0,15.75,0.2,0.43999999999999995,0.32,0.04,0.28,0.28,0.28,0.16,8150.0,20626.5,18221.5,35057.5
0,15.6905,0.39999999999999997,0.36,0.08,0.16,0.5599999999999999,0.2,0.16,0.08,3655.0,3655.0,6440.5,6346.5
0,15.5595,0.12,0.24000000000000002,0.28,0.36,0.2,0.28,0.32,0.2,77772.0,3861.0,5471.0,14063.5
0,15.4643,0.43999999999999995,0.32,0.04,0.2,0.24000000000000002,0.43999999999999995,0.2,0.12,18620.0,28512.5,5378.0,501.5
0,15.4524,0.28,0.28,0.2,0.24000000000000002,0.28,0.28,0.08,0.36,26839.5,6134.0,8875.0,8514.0
0,15.3929,0.08,0.2,0.24000000000000002,0.4799999999999999,0.24000000000000002,0.32,0.2,0.24000000000000002,62519.5,44116.0,19991.0,3828.5
0,15.3571,0.6,0.16,0.08,0.16,0.39999999999999997,0.28,0.28,0.04,72444.0,66718.0,38991.0,1795.5
0,15.3571,0.2,0.28,0.2,0.32,0.39999999999999997,0.12,0.16,0.32,28979.0,14326.5,7300.0,7300.0
1,15.3333,0.2,0.28,0.43999999999999995,0.08,0.16,0.43999999999999995,0.28,0.12,8270.5,8270.5,17832.5,25345.5
0,15.2143,0.24000000000000002,0.24000000000000002,0.24000000000000002,0.28,0.24000000000000002,0.36,0.16,0.24000000000000002,16100.0,8620.5,5780.0,17337.5
0,15.1667,0.16,0.36,0.28,0.2,0.39999999999999997,0.32,0.16,0.12,34023.5,35165.5,2483.5,12743.5
1,15.1548,0.28,0.2,0.28,0.24000000000000002,0.32,0.16,0.28,0.24000000000000002,13336.0,19148.0,7117.5,31112.5
0,15.130999999999998,0.39999999999999997,0.28,0.2,0.12,0.43999999999999995,0.16,0.24000000000000002,0.16,11893.0,16218.0,33081.0,5769.5
0,15.130999999999998,0.28,0.36,0.28,0.08,0.16,0.24000000000000002,0.28,0.32,12918.0,5547.5,33805.0,33717.5
0,15.1071,0.32,0.16,0.28,0.24000000000000002,0.39999999999999997,0.04,0.16,0.39999999999999997,56781.5,38378.0,25729.0,9566.5
0,15.0357,0.28,0.28,0.2,0.24000000000000002,0.4799999999999999,0.16,0.08,0.28,3396.0,7721.0,41578.0,14266.5
0,15.0,0.16,0.39999999999999997,0.28,0.16,0.7200000000000001,0.12,0.04,0.12,1008.5,16805.5,3029.0,8521.5
0,14.9881,0.36,0.4799999999999999,0.04,0.12,0.43999999999999995,0.39999999999999997,0.08,0.08,22749.5,31624.0,25127.0,646.0
0,14.9286,0.16,0.2,0.28,0.36,0.16,0.4799999999999999,0.2,0.16,34185.5,20747.5,153.5,153.5
1,14.9167,0.28,0.28,0.08,0.36,0.6,0.16,0.2,0.04,20054.0,53168.5,1771.5,1771.5
0,14.880999999999998,0.12,0.6,0.2,0.08,0.32,0.28,0.24000000000000002,0.16,36280.0,3571.0,2061.5,1959.5
0,14.869000000000002,0.32,0.39999999999999997,0.12,0.16,0.24000000000000002,0.32,0.28,0.16,19294.0,13568.0,92141.0,54945.5
0,14.8452,0.24000000000000002,0.5599999999999999,0.2,0.0,0.24000000000000002,0.43999999999999995,0.2,0.12,14157.5,71899.0,21542.0,30676.0
0,14.8095,0.24000000000000002,0.2,0.32,0.24000000000000002,0.24000000000000002,0.32,0.16,0.28,41980.0,36254.0,69455.0,32259.5
1,14.7619,0.24000000000000002,0.5199999999999999,0.08,0.16,0.24000000000000002,0.32,0.16,0.28,28331.5,30431.0,13370.0,23727.0
0,14.7619,0.2,0.2,0.36,0.24000000000000002,0.32,0.2,0.12,0.36,33910.0,9854.0,2574.0,2574.0
0,14.7619,0.39999999999999997,0.24000000000000002,0.16,0.2,0.39999999999999997,0.28,0.16,0.16,22988.5,39837.5,1622.5,3491.5
0,14.75,0.5599999999999999,0.12,0.12,0.2,0.28,0.36,0.2,0.16,26300.5,19063.0,3159.0,602.5
0,14.75,0.36,0.36,0.12,0.16,0.36,0.39999999999999997,0.12,0.12,64230.5,45827.0,18280.0,2117.5
0,14.7143,0.16,0.28,0.2,0.36,0.16,0.39999999999999997,0.2,0.24000000000000002,3450.0,3450.0,104974.0,49129.0
0,14.619000000000002,0.28,0.39999999999999997,0.16,0.16,0.24000000000000002,0.24000000000000002,0.2,0.32,6678.0,27106.0,136.5,136.5
0,14.619000000000002,0.39999999999999997,0.08,0.36,0.16,0.28,0.2,0.32,0.2,7236.5,19464.0,27102.5,6201.5
0,14.5952,0.43999999999999995,0.24000000000000002,0.16,0.16,0.32,0.2,0.16,0.32,4709.0,22294.0,106726.0,966.5
0,14.5714,0.16,0.43999999999999995,0.24000000000000002,0.16,0.36,0.32,0.24000000000000002,0.08,1498.5,32912.0,43916.5,17348.5
0,14.5714,0.32,0.32,0.16,0.2,0.24000000000000002,0.28,0.16,0.32,41052.5,22102.5,4362.5,34570.0
0,14.5595,0.12,0.4799999999999999,0.28,0.12,0.32,0.43999999999999995,0.12,0.12,28801.5,15363.5,5537.5,5537.5
0,14.5595,0.24000000000000002,0.4799999999999999,0.12,0.16,0.2,0.39999999999999997,0.2,0.2,21032.5,45591.0,1962.0,11746.5
0,14.5119,0.28,0.32,0.08,0.32,0.36,0.32,0.16,0.16,7921.0,7921.0,9702.5,14610.5
0,14.5,0.16,0.08,0.28,0.4799999999999999,0.28,0.24000000000000002,0.28,0.2,292.0,47845.0,11460.0,9492.5
1,14.4762,0.39999999999999997,0.24000000000000002,0.16,0.2,0.12,0.36,0.32,0.2,100781.0,3464.0,10654.0,23435.0
0,14.4762,0.32,0.24000000000000002,0.2,0.24000000000000002,0.5199999999999999,0.12,0.08,0.28,143.5,1285.5,36363.5,46623.5
1,14.4762,0.32,0.28,0.12,0.28,0.2,0.2,0.12,0.4799999999999999,41417.0,124.5,41826.0,16470.0
0,14.4643,0.5199999999999999,0.28,0.04,0.16,0.28,0.28,0.12,0.32,4628.5,4628.5,38000.0,7227.0
0,14.3929,0.2,0.4799999999999999,0.16,0.16,0.43999999999999995,0.43999999999999995,0.0,0.12,29159.0,1937.5,50773.5,16974.5
0,14.3571,0.12,0.5199999999999999,0.2,0.16,0.16,0.32,0.24000000000000002,0.28,36882.0,20016.0,44219.0,34955.0
0,14.3571,0.5199999999999999,0.12,0.2,0.16,0.36,0.39999999999999997,0.16,0.08,10509.0,25006.0,6659.0,1893.0
0,14.2976,0.28,0.24000000000000002,0.24000000000000002,0.24000000000000002,0.4799999999999999,0.32,0.12,0.08,6197.0,53750.0,5555.0,3587.5
0,14.2857,0.2,0.2,0.28,0.32,0.12,0.6,0.16,0.12,3128.0,8383.0,39270.5,3962.5
0,14.25,0.43999999999999995,0.28,0.08,0.2,0.28,0.39999999999999997,0.08,0.24000000000000002,5957.5,37371.0,39457.5,12889.5
0,14.2024,0.4799999999999999,0.16,0.16,0.2,0.28,0.43999999999999995,0.04,0.24000000000000002,17848.0,2630.0,26124.0,757.5
0,14.1905,0.32,0.36,0.16,0.16,0.16,0.4799999999999999,0.16,0.2,18618.0,23677.5,27908.5,12137.0
1,14.1905,0.2,0.43999999999999995,0.28,0.08,0.28,0.39999999999999997,0.24000000000000002,0.08,11000.5,11000.5,25297.0,16.0
0,14.1786,0.39999999999999997,0.36,0.04,0.2,0.28,0.36,0.24000000000000002,0.12,78666.5,8965.0,29799.0,46409.0
0,14.1667,0.2,0.43999999999999995,0.16,0.2,0.16,0.28,0.24000000000000002,0.32,12381.5,2377.0,70129.0,6010.0
0,14.1548,0.36,0.2,0.2,0.24000000000000002,0.32,0.32,0.12,0.24000000000000002,14098.0,52862.0,2562.0,2512.0
0,14.0833,0.28,0.16,0.32,0.24000000000000002,0.2,0.12,0.28,0.39999999999999997,2186.5,2411.5,12559.0,237.0
0,14.0476,0.28,0.2,0.24000000000000002,0.28,0.28,0.36,0.24000000000000002,0.12,6229.0,19583.0,889.5,35773.0
0,14.0476,0.28,0.32,0.12,0.28,0.12,0.28,0.2,0.39999999999999997,30704.5,7045.0,13409.5,4010.5
0,14.0476,0.32,0.28,0.16,0.24000000000000002,0.32,0.24000000000000002,0.28,0.16,5101.0,22541.0,25105.0,14070.0
1,13.9524,0.24000000000000002,0.32,0.08,0.36,0.43999999999999995,0.16,0.12,0.28,35992.0,19126.0,45109.0,35845.0
0,13.9167,0.24000000000000002,0.36,0.12,0.28,0.16,0.36,0.2,0.28,1863.0,7118.0,40535.5,5227.5
1,13.8929,0.2,0.24000000000000002,0.28,0.28,0.32,0.16,0.24000000000000002,0.28,7888.5,13718.5,19617.5,54662.5
0,13.880999999999998,0.32,0.32,0.16,0.2,0.28,0.32,0.2,0.2,18953.0,6670.5,4504.0,4504.0
0,13.8095,0.16,0.2,0.24000000000000002,0.39999999999999997,0.12,0.43999999999999995,0.24000000000000002,0.2,17404.0,29880.5,8967.5,25803.5
0,13.7976,0.2,0.2,0.36,0.24000000000000002,0.28,0.32,0.12,0.28,74229.5,7881.5,8281.0,2031.0
0,13.7262,0.24000000000000002,0.4799999999999999,0.2,0.08,0.24000000000000002,0.39999999999999997,0.08,0.28,13457.5,6511.0,97533.0,1867.5
0,13.6667,0.12,0.24000000000000002,0.36,0.28,0.24000000000000002,0.24000000000000002,0.08,0.43999999999999995,23845.0,669.5,8595.5,18622.0
0,13.5714,0.24000000000000002,0.2,0.36,0.2,0.36,0.16,0.24000000000000002,0.24000000000000002,2406.0,8218.0,18047.5,42042.5
1,13.5595,0.24000000000000002,0.12,0.32,0.32,0.24000000000000002,0.5199999999999999,0.08,0.16,32993.5,9219.0,14883.0,790.5
0,13.5476,0.16,0.36,0.24000000000000002,0.24000000000000002,0.4799999999999999,0.24000000000000002,0.12,0.16,11885.0,3856.5,7616.5,1283.5
1,13.5238,0.36,0.16,0.12,0.36,0.2,0.16,0.36,0.28,7554.0,7554.0,2541.5,2447.5
0,13.5119,0.39999999999999997,0.28,0.08,0.24000000000000002,0.24000000000000002,0.12,0.28,0.36,7405.0,12464.5,39121.5,23350.0
0,13.4881,0.12,0.24000000000000002,0.32,0.32,0.2,0.2,0.39999999999999997,0.2,12196.0,2259.0,3945.0,3945.0
0,13.4524,0.28,0.36,0.2,0.16,0.2,0.28,0.32,0.2,663.5,3892.0,35051.0,16471.5
1,13.4524,0.32,0.24000000000000002,0.12,0.32,0.4799999999999999,0.2,0.2,0.12,17205.0,29681.5,9166.5,26002.5
0,13.4405,0.32,0.28,0.12,0.28,0.32,0.24000000000000002,0.28,0.16,13654.0,1318.0,2725.5,2298.5
0,13.4286,0.5199999999999999,0.28,0.12,0.08,0.28,0.4799999999999999,0.08,0.16,27729.0,4553.5,4711.5,14738.0
0,13.4286,0.32,0.5199999999999999,0.08,0.08,0.43999999999999995,0.4799999999999999,0.0,0.08,13264.0,13377.5,15927.0,564.5
0,13.3929,0.2,0.39999999999999997,0.08,0.32,0.39999999999999997,0.16,0.24000000000000002,0.2,10808.5,59270.5,97657.0,9110.5
0,13.3929,0.2,0.36,0.12,0.32,0.16,0.28,0.32,0.24000000000000002,4679.0,28073.0,6146.5,10742.0
0,13.369000000000002,0.08,0.39999999999999997,0.2,0.32,0.2,0.2,0.2,0.39999999999999997,7867.5,5444.0,6878.0,42523.0
1,13.3571,0.39999999999999997,0.2,0.08,0.32,0.32,0.28,0.16,0.24000000000000002,19339.5,20024.5,2969.0,2969.0
0,13.3571,0.24000000000000002,0.28,0.24000000000000002,0.24000000000000002,0.43999999999999995,0.12,0.16,0.28,4210.0,11010.5,3855.5,20311.5
0,13.3095,0.16,0.4799999999999999,0.12,0.24000000000000002,0.2,0.36,0.2,0.24000000000000002,31214.5,12811.0,51296.0,35133.5
0,13.3095,0.32,0.36,0.12,0.2,0.28,0.32,0.2,0.2,80831.5,5063.0,30159.0,22062.5
1,13.2976,0.36,0.2,0.32,0.12,0.4799999999999999,0.32,0.16,0.04,19968.0,4309.0,31855.0,1937.0
0,13.2738,0.28,0.2,0.28,0.24000000000000002,0.32,0.43999999999999995,0.08,0.16,34647.5,2276.0,6444.0,3161.0
0,13.2024,0.2,0.2,0.32,0.28,0.32,0.2,0.16,0.32,27164.5,29264.0,14537.0,24894.0
0,13.2024,0.36,0.16,0.28,0.2,0.4799999999999999,0.36,0.12,0.04,11383.0,4292.5,31015.5,359.0
0,13.1667,0.24000000000000002,0.24000000000000002,0.36,0.16,0.24000000000000002,0.36,0.16,0.24000000000000002,13785.0,39587.0,18655.5,9390.5
1,13.1667,0.2,0.43999999999999995,0.16,0.2,0.28,0.32,0.24000000000000002,0.16,5646.0,23231.0,105789.0,29.5
0,13.1429,0.28,0.2,0.32,0.2,0.28,0.28,0.08,0.36,7114.0,7287.0,37649.0,8421.0
1,13.130999999999998,0.28,0.5199999999999999,0.12,0.08,0.24000000000000002,0.28,0.24000000000000002,0.24000000000000002,60347.0,14213.5,19585.5,6737.5
0,13.130999999999998,0.2,0.36,0.36,0.08,0.2,0.32,0.32,0.16,11631.0,37433.0,20809.5,11544.5
0,13.130999999999998,0.36,0.32,0.12,0.2,0.28,0.16,0.24000000000000002,0.32,101112.0,12055.5,7312.0,6768.5
0,13.130999999999998,0.16,0.4799999999999999,0.04,0.32,0.39999999999999997,0.32,0.16,0.12,20174.5,20859.5,2134.0,2134.0
0,13.119000000000002,0.43999999999999995,0.32,0.12,0.12,0.2,0.12,0.24000000000000002,0.43999999999999995,4514.0,7430.0,9710.0,9710.0
1,13.119000000000002,0.39999999999999997,0.28,0.08,0.24000000000000002,0.12,0.5599999999999999,0.16,0.16,3831.5,15221.0,1932.0,21390.0
0,13.1071,0.16,0.2,0.32,0.32,0.28,0.16,0.2,0.36,93391.0,4334.5,15033.0,14489.5
0,13.0952,0.36,0.36,0.12,0.16,0.5199999999999999,0.16,0.16,0.16,134.0,20562.0,6680.5,6680.5
0,13.0833,0.08,0.43999999999999995,0.16,0.32,0.39999999999999997,0.16,0.32,0.12,4150.0,9962.0,16303.5,40298.5
0,13.0833,0.16,0.39999999999999997,0.32,0.12,0.24000000000000002,0.2,0.28,0.28,6368.0,10693.0,38606.0,11294.5
0,13.0714,0.12,0.24000000000000002,0.43999999999999995,0.2,0.24000000000000002,0.39999999999999997,0.16,0.2,69723.0,2638.5,10209.5,422.5
0,13.0476,0.39999999999999997,0.39999999999999997,0.16,0.04,0.5599999999999999,0.28,0.08,0.08,718.5,35114.0,3466.0,67461.0
0,13.0238,0.04,0.5199999999999999,0.32,0.12,0.16,0.28,0.28,0.28,2280.0,19887.5,2170.0,17247.0
0,13.0119,0.28,0.28,0.12,0.32,0.36,0.12,0.32,0.2,26571.5,5873.5,20035.5,31115.0
1,13.0,0.4799999999999999,0.2,0.12,0.2,0.08,0.16,0.4799999999999999,0.28,20359.5,44918.0,2635.0,12419.5
0,13.0,0.24000000000000002,0.16,0.2,0.39999999999999997,0.28,0.32,0.2,0.2,10479.0,13674.5,3558.5,2851.5
0,12.9881,0.36,0.28,0.2,0.16,0.32,0.24000000000000002,0.24000000000000002,0.2,1921.0,12324.0,3709.5,14918.5
1,12.9762,0.4799999999999999,0.08,0.2,0.24000000000000002,0.32,0.39999999999999997,0.12,0.16,90.0,90.0,37198.5,9903.0
0,12.9405,0.32,0.2,0.24000000000000002,0.24000000000000002,0.16,0.36,0.28,0.2,3398.5,29863.5,26776.5,26809.0
0,12.9286,0.2,0.2,0.24000000000000002,0.36,0.16,0.36,0.24000000000000002,0.24000000000000002,1092.5,1215.5,5208.5,2910.5
1,12.9286,0.2,0.16,0.43999999999999995,0.2,0.2,0.24000000000000002,0.24000000000000002,0.32,5128.0,8327.5,18329.0,7081.5
0,12.9286,0.2,0.32,0.36,0.12,0.32,0.24000000000000002,0.12,0.32,85034.0,10525.0,26401.0,7259.0
1,12.9286,0.32,0.16,0.2,0.32,0.16,0.2,0.24000000000000002,0.39999999999999997,4848.5,31313.5,25326.5,25359.0
0,12.9048,0.36,0.39999999999999997,0.12,0.12,0.32,0.32,0.12,0.24000000000000002,70079.0,53213.0,11022.0,1758.0
0,12.8929,0.32,0.32,0.04,0.32,0.28,0.4799999999999999,0.08,0.16,2530.0,15132.0,22698.0,999.0
0,12.880999999999998,0.39999999999999997,0.16,0.16,0.28,0.24000000000000002,0.24000000000000002,0.32,0.2,13415.0,30005.0,3094.5,13904.0
1,12.8571,0.43999999999999995,0.16,0.2,0.2,0.5199999999999999,0.2,0.04,0.24000000000000002,13641.5,13526.0,2900.0,30383.0
0,12.8452,0.36,0.36,0.16,0.12,0.36,0.39999999999999997,0.12,0.12,10019.0,48783.0,6641.0,6591.0
1,12.8452,0.28,0.39999999999999997,0.2,0.12,0.43999999999999995,0.28,0.16,0.12,33509.5,15106.0,49001.0,32838.5
1,12.8333,0.16,0.28,0.12,0.43999999999999995,0.12,0.32,0.39999999999999997,0.16,25224.5,1260.0,15867.0,6333.0
1,12.8333,0.4799999999999999,0.04,0.24000000000000002,0.24000000000000002,0.32,0.16,0.32,0.2,3020.5,3705.5,19288.0,19288.0
0,12.8333,0.32,0.2,0.28,0.2,0.12,0.36,0.32,0.2,7949.5,7949.5,28348.0,3067.0
0,12.7976,0.2,0.24000000000000002,0.16,0.39999999999999997,0.28,0.36,0.2,0.16,10950.0,21403.0,3155.5,35934.5
0,12.7976,0.28,0.28,0.28,0.16,0.39999999999999997,0.36,0.16,0.08,2891.0,2891.0,37051.5,25574.0
0,12.7857,0.12,0.24000000000000002,0.36,0.28,0.08,0.2,0.36,0.36,38680.0,21814.0,42421.0,33157.0
0,12.7619,0.12,0.5599999999999999,0.16,0.16,0.2,0.5599999999999999,0.16,0.08,41329.5,7336.5,6547.0,11441.0
0,12.7619,0.2,0.24000000000000002,0.28,0.28,0.24000000000000002,0.08,0.43999999999999995,0.24000000000000002,2002.0,28731.0,9789.0,26625.0
0,12.7619,0.5199999999999999,0.12,0.16,0.2,0.24000000000000002,0.43999999999999995,0.04,0.28,17849.0,2631.0,26123.0,756.5
0,12.7381,0.39999999999999997,0.28,0.28,0.04,0.32,0.12,0.28,0.28,2984.5,4534.5,58647.5,40030.0
1,12.7381,0.36,0.36,0.12,0.16,0.2,0.32,0.28,0.2,14037.0,14210.0,30726.0,1498.0
0,12.7262,0.32,0.2,0.2,0.28,0.28,0.4799999999999999,0.04,0.2,8065.0,10948.0,2406.0,44408.0
1,12.7143,0.32,0.28,0.2,0.2,0.39999999999999997,0.24000000000000002,0.24000000000000002,0.12,5074.5,5759.5,17234.0,17234.0
1,12.7143,0.2,0.16,0.36,0.28,0.39999999999999997,0.24000000000000002,0.16,0.2,104725.5,1784.5,6265.0,1699.0
0,12.6905,0.36,0.32,0.16,0.16,0.32,0.32,0.2,0.16,18952.0,6669.5,4505.0,4505.0
0,12.6905,0.2,0.2,0.32,0.28,0.43999999999999995,0.16,0.16,0.24000000000000002,6145.5,6289.0,300.0,9722.5
0,12.6667,0.28,0.2,0.28,0.24000000000000002,0.24000000000000002,0.4799999999999999,0.12,0.16,32313.5,13910.0,50197.0,34034.5
0,12.6667,0.36,0.08,0.24000000000000002,0.32,0.28,0.16,0.24000000000000002,0.32,2122.5,33536.0,43292.5,16724.5
0,12.6548,0.2,0.5599999999999999,0.16,0.08,0.39999999999999997,0.32,0.16,0.12,29950.5,16512.5,4388.5,4388.5
0,12.6548,0.39999999999999997,0.28,0.04,0.28,0.28,0.28,0.16,0.28,25051.0,1875.5,7389.5,17416.0
0,12.6548,0.16,0.2,0.32,0.32,0.2,0.12,0.32,0.36,7287.0,10482.5,6750.5,6043.5
0,12.6429,0.39999999999999997,0.36,0.12,0.12,0.32,0.5199999999999999,0.04,0.12,12507.5,12507.5,675.5,675.5
1,12.6429,0.4799999999999999,0.04,0.2,0.28,0.36,0.36,0.08,0.2,12861.0,8900.0,67071.5,4472.5
0,12.630999999999998,0.5199999999999999,0.28,0.04,0.16,0.28,0.32,0.12,0.28,4629.5,4629.5,37999.0,7226.0
0,12.6071,0.24000000000000002,0.36,0.36,0.04,0.39999999999999997,0.28,0.12,0.2,6990.0,12015.5,1861.5,2099.5
1,12.5952,0.24000000000000002,0.39999999999999997,0.2,0.16,0.36,0.39999999999999997,0.08,0.16,8003.0,20704.5,4106.0,2066.0
0,12.5952,0.2,0.32,0.2,0.28,0.28,0.5199999999999999,0.0,0.2,108.5,108.5,3256.0,3256.0
0,12.5833,0.28,0.24000000000000002,0.24000000000000002,0.24000000000000002,0.39999999999999997,0.2,0.28,0.12,30842.5,12439.0,51668.0,35505.5
0,12.5833,0.28,0.28,0.2,0.24000000000000002,0.39999999999999997,0.36,0.16,0.08,51955.0,10662.5,31288.0,5932.0
0,12.5833,0.32,0.16,0.24000000000000002,0.28,0.28,0.2,0.28,0.24000000000000002,68117.0,4575.0,15126.0,5794.0
1,12.5595,0.16,0.5599999999999999,0.08,0.2,0.36,0.43999999999999995,0.16,0.04,9131.0,3184.5,7010.0,754.0
0,12.5595,0.16,0.24000000000000002,0.28,0.32,0.36,0.4799999999999999,0.12,0.04,7029.5,12907.0,11531.5,691.0
1,12.5476,0.08,0.32,0.36,0.24000000000000002,0.12,0.43999999999999995,0.2,0.24000000000000002,42543.5,30663.0,85.0,11449.0
0,12.5357,0.2,0.32,0.32,0.16,0.24000000000000002,0.36,0.24000000000000002,0.16,8324.0,13383.5,38202.5,22431.0
0,12.5357,0.12,0.32,0.32,0.24000000000000002,0.2,0.28,0.24000000000000002,0.28,77426.0,3688.0,2506.5,2506.5
1,12.5238,0.2,0.28,0.24000000000000002,0.28,0.36,0.24000000000000002,0.24000000000000002,0.16,7609.5,56071.5,100856.0,12309.5
0,12.5119,0.24000000000000002,0.16,0.36,0.24000000000000002,0.16,0.43999999999999995,0.16,0.24000000000000002,347.5,8578.0,3662.5,31794.0
1,12.5119,0.16,0.32,0.36,0.16,0.2,0.39999999999999997,0.24000000000000002,0.16,23275.0,28334.5,23251.5,7480.0
0,12.5119,0.43999999999999995,0.16,0.24000000000000002,0.16,0.04,0.32,0.4799999999999999,0.16,2176.0,2185.5,39244.5,7626.0
0,12.5119,0.32,0.28,0.12,0.28,0.28,0.28,0.16,0.28,47122.0,24989.5,4701.0,9344.0
1,12.5,0.2,0.08,0.4799999999999999,0.24000000000000002,0.43999999999999995,0.16,0.32,0.08,6971.5,40307.5,8044.5,28073.5
0,12.5,0.2,0.39999999999999997,0.2,0.2,0.39999999999999997,0.32,0.16,0.12,12859.0,3036.0,28561.5,88.0
0,12.5,0.39999999999999997,0.28,0.24000000000000002,0.08,0.24000000000000002,0.39999999999999997,0.2,0.16,17791.5,46123.0,13498.0,1844.0
0,12.4881,0.28,0.32,0.28,0.12,0.32,0.39999999999999997,0.12,0.16,35039.5,324.5,9074.5,721.5
1,12.4881,0.24000000000000002,0.39999999999999997,0.12,0.24000000000000002,0.28,0.2,0.28,0.24000000000000002,29211.0,1183.5,5504.5,5504.5
0,12.4762,0.43999999999999995,0.28,0.16,0.12,0.39999999999999997,0.28,0.12,0.2,43440.0,16218.5,36492.5,2693.5
0,12.4762,0.16,0.28,0.39999999999999997,0.16,0.12,0.24000000000000002,0.12,0.5199999999999999,970.5,7442.0,3193.5,41535.5
0,12.4762,0.2,0.32,0.08,0.39999999999999997,0.36,0.5199999999999999,0.04,0.08,8140.5,18776.0,7026.0,30201.5
0,12.4762,0.28,0.32,0.12,0.28,0.36,0.39999999999999997,0.08,0.16,2825.5,55582.5,101.5,101.5
0,12.4762,0.16,0.43999999999999995,0.16,0.24000000000000002,0.36,0.24000000000000002,0.24000000000000002,0.16,10231.5,1901.5,10117.5,20898.0
0,12.4643,0.32,0.2,0.24000000000000002,0.24000000000000002,0.16,0.2,0.32,0.32,11879.0,38083.0,6655.5,2289.0
0,12.4643,0.2,0.28,0.24000000000000002,0.28,0.32,0.43999999999999995,0.12,0.12,21688.0,26747.5,24838.5,9067.0
0,12.4643,0.39999999999999997,0.2,0.16,0.24000000000000002,0.2,0.43999999999999995,0.12,0.24000000000000002,21200.0,47002.0,11240.5,1975.5
0,12.4643,0.24000000000000002,0.32,0.16,0.28,0.24000000000000002,0.2,0.24000000000000002,0.32,95271.0,6214.5,13153.0,12609.5
0,12.4405,0.2,0.36,0.2,0.24000000000000002,0.32,0.32,0.2,0.16,2455.0,10030.0,13734.0,28782.5
0,12.4405,0.4799999999999999,0.08,0.16,0.28,0.28,0.28,0.36,0.08,14411.0,2075.0,1968.5,1541.5
0,12.4405,0.43999999999999995,0.24000000000000002,0.16,0.16,0.32,0.24000000000000002,0.16,0.28,4710.0,22295.0,106725.0,965.5
0,12.4405,0.32,0.24000000000000002,0.2,0.24000000000000002,0.08,0.16,0.32,0.43999999999999995,35306.0,29580.0,76129.0,38933.5
0,12.4405,0.39999999999999997,0.08,0.24000000000000002,0.28,0.2,0.43999999999999995,0.12,0.24000000000000002,17671.0,30147.5,8700.5,25536.5
0,12.4405,0.16,0.16,0.32,0.36,0.16,0.39999999999999997,0.24000000000000002,0.2,1652.5,1632.5,3535.5,27941.0
0,12.4286,0.24000000000000002,0.36,0.32,0.08,0.24000000000000002,0.4799999999999999,0.2,0.08,30794.5,10089.0,4920.0,4559.0
0,12.4167,0.24000000000000002,0.43999999999999995,0.12,0.2,0.39999999999999997,0.36,0.08,0.16,51009.5,5942.5,10622.5,10622.5
1,12.4167,0.12,0.39999999999999997,0.24000000000000002,0.24000000000000002,0.28,0.12,0.39999999999999997,0.2,23165.0,28224.5,23361.5,7590.0
1,12.4167,0.5599999999999999,0.2,0.08,0.16,0.32,0.36,0.16,0.16,18669.0,63.5,25303.0,11313.5
1,12.4048,0.28,0.08,0.43999999999999995,0.2,0.12,0.24000000000000002,0.36,0.28,25583.0,18212.5,21140.0,21052.5
0,12.3929,0.12,0.39999999999999997,0.16,0.32,0.32,0.24000000000000002,0.24000000000000002,0.2,9516.5,9604.0,108.0,92971.0
0,12.380999999999998,0.24000000000000002,0.36,0.12,0.28,0.2,0.28,0.24000000000000002,0.28,80634.5,4374.0,1876.0,16447.0
0,12.369000000000002,0.28,0.2,0.16,0.36,0.08,0.4799999999999999,0.16,0.28,34133.5,34133.5,11719.0,20602.0
0,12.3571,0.24000000000000002,0.16,0.28,0.32,0.36,0.24000000000000002,0.28,0.12,13500.5,5748.5,5060.5,4964.0
0,12.3571,0.24000000000000002,0.43999999999999995,0.2,0.12,0.24000000000000002,0.32,0.24000000000000002,0.2,34208.5,15805.0,48302.0,32139.5
0,12.3452,0.28,0.24000000000000002,0.36,0.12,0.24000000000000002,0.43999999999999995,0.16,0.16,327.5,33663.5,14688.5,34717.5
1,12.3452,0.43999999999999995,0.12,0.12,0.32,0.39999999999999997,0.12,0.43999999999999995,0.04,17232.5,19332.0,24469.0,34826.0
0,12.3452,0.24000000000000002,0.08,0.32,0.36,0.16,0.24000000000000002,0.28,0.32,28042.0,22316.0,83393.0,46197.5
0,12.3452,0.39999999999999997,0.28,0.12,0.2,0.24000000000000002,0.36,0.12,0.28,6844.5,21761.5,1910.5,9560.5
0,12.3333,0.28,0.28,0.24000000000000002,0.2,0.43999999999999995,0.32,0.08,0.16,53572.0,625.5,54852.0,20704.0
1,12.3333,0.36,0.16,0.32,0.16,0.24000000000000002,0.12,0.28,0.36,35768.5,6769.0,2762.0,6922.5
1,12.3214,0.32,0.28,0.2,0.2,0.36,0.39999999999999997,0.16,0.08,16860.5,65322.5,91605.0,3058.5
0,12.3214,0.24000000000000002,0.12,0.39999999999999997,0.24000000000000002,0.24000000000000002,0.24000000000000002,0.28,0.24000000000000002,2444.0,7967.5,12209.0,1703.0
0,12.3095,0.32,0.16,0.24000000000000002,0.28,0.36,0.32,0.08,0.24000000000000002,9678.5,67420.0,26021.0,35155.0
0,12.3095,0.36,0.2,0.28,0.16,0.32,0.16,0.28,0.24000000000000002,12311.0,4831.5,9569.0,21126.5
0,12.2976,0.2,0.32,0.16,0.32,0.2,0.24000000000000002,0.32,0.24000000000000002,79921.0,5412.0,31514.0,12372.0
0,12.2976,0.28,0.24000000000000002,0.36,0.12,0.5199999999999999,0.08,0.2,0.2,7533.5,7533.5,35095.0,4322.0
1,12.2857,0.08,0.36,0.2,0.36,0.28,0.16,0.12,0.43999999999999995,16721.5,6078.0,12935.0,848.5
0,12.2619,0.24000000000000002,0.36,0.12,0.28,0.32,0.24000000000000002,0.2,0.24000000000000002,12786.0,51550.0,3874.0,3824.0
0,12.2619,0.43999999999999995,0.16,0.16,0.24000000000000002,0.32,0.28,0.28,0.12,69812.0,52946.0,11289.0,2025.0
0,12.2619,0.36,0.28,0.28,0.08,0.2,0.36,0.04,0.39999999999999997,5821.0,23261.0,24385.0,13350.0
0,12.25,0.2,0.12,0.36,0.32,0.12,0.39999999999999997,0.24000000000000002,0.24000000000000002,3263.0,3436.0,41500.0,12272.0
0,12.25,0.2,0.39999999999999997,0.2,0.2,0.24000000000000002,0.32,0.32,0.12,23764.0,23764.0,16178.5,4701.0
1,12.25,0.39999999999999997,0.08,0.39999999999999997,0.12,0.36,0.28,0.16,0.2,104903.5,1962.5,6087.0,1521.0
0,12.2381,0.16,0.5599999999999999,0.2,0.08,0.36,0.16,0.28,0.2,15564.0,19889.0,29410.0,2098.5
0,12.2262,0.39999999999999997,0.12,0.36,0.12,0.32,0.2,0.2,0.28,14322.5,14322.5,3069.5,27866.0
0,12.2143,0.2,0.24000000000000002,0.2,0.36,0.12,0.43999999999999995,0.24000000000000002,0.2,4833.0,8976.5,2323.5,16350.5
1,12.2143,0.08,0.2,0.32,0.39999999999999997,0.28,0.28,0.32,0.12,3088.0,29817.0,8703.0,25539.0
0,12.1786,0.2,0.2,0.28,0.32,0.12,0.39999999999999997,0.2,0.28,95588.0,6531.5,12836.0,12292.5
0,12.1786,0.24000000000000002,0.6,0.12,0.04,0.28,0.24000000000000002,0.36,0.12,2034.5,2034.5,42079.5,1377.0
0,12.1667,0.43999999999999995,0.2,0.2,0.16,0.32,0.36,0.24000000000000002,0.08,10244.0,19956.0,14270.5,82619.0
0,12.1667,0.16,0.39999999999999997,0.12,0.32,0.24000000000000002,0.12,0.28,0.36,5159.0,3809.0,13621.5,5044.0
0,12.1548,0.2,0.24000000000000002,0.24000000000000002,0.32,0.24000000000000002,0.36,0.16,0.24000000000000002,5153.5,16815.5,16416.5,6206.0
0,12.1429,0.24000000000000002,0.5599999999999999,0.12,0.08,0.28,0.39999999999999997,0.2,0.12,17643.5,24719.0,3450.0,2604.5
0,12.1429,0.2,0.24000000000000002,0.36,0.2,0.12,0.28,0.24000000000000002,0.36,7054.5,2642.0,4738.0,4738.0
1,12.1429,0.36,0.28,0.16,0.2,0.5199999999999999,0.08,0.24000000000000002,0.16,14768.5,63230.5,93697.0,5150.5
0,12.1429,0.32,0.24000000000000002,0.28,0.16,0.24000000000000002,0.2,0.39999999999999997,0.16,11205.0,49969.0,5455.0,5405.0
1,12.1429,0.24000000000000002,0.32,0.16,0.28,0.32,0.2,0.2,0.28,5322.0,6738.5,67360.0,1016.5
0,12.130999999999998,0.39999999999999997,0.32,0.24000000000000002,0.04,0.2,0.4799999999999999,0.12,0.2,22734.5,2756.5,85731.0,378.0
0,12.130999999999998,0.16,0.32,0.12,0.39999999999999997,0.24000000000000002,0.24000000000000002,0.28,0.24000000000000002,7972.5,9114.5,28534.5,38794.5
1,12.130999999999998,0.43999999999999995,0.28,0.08,0.2,0.2,0.43999999999999995,0.24000000000000002,0.12,9111.0,333.0,41725.5,760.0
0,12.119000000000002,0.36,0.28,0.16,0.2,0.24000000000000002,0.28,0.12,0.36,2184.0,8370.5,18111.0,10851.5
0,12.119000000000002,0.12,0.2,0.43999999999999995,0.24000000000000002,0.24000000000000002,0.24000000000000002,0.16,0.36,10890.5,10849.0,16168.5,6760.0
0,12.119000000000002,0.2,0.39999999999999997,0.24000000000000002,0.16,0.39999999999999997,0.43999999999999995,0.04,0.12,3674.0,25830.5,5847.0,11304.0
0,12.0952,0.43999999999999995,0.16,0.28,0.12,0.32,0.28,0.28,0.12,19268.5,77010.0,16431.0,25565.0
0,12.0952,0.43999999999999995,0.16,0.28,0.12,0.32,0.28,0.28,0.12,9762.0,22238.5,16609.5,33445.5
0,12.0833,0.39999999999999997,0.36,0.08,0.16,0.39999999999999997,0.39999999999999997,0.16,0.04,26429.5,8026.0,56081.0,39918.5
0,12.0833,0.12,0.28,0.24000000000000002,0.36,0.2,0.24000000000000002,0.32,0.24000000000000002,63660.0,46794.0,17441.0,8177.0
1,12.0714,0.28,0.43999999999999995,0.2,0.08,0.39999999999999997,0.32,0.12,0.16,0.5,6819.0,113.0,33553.0
0,12.0714,0.36,0.32,0.08,0.24000000000000002,0.24000000000000002,0.39999999999999997,0.16,0.2,19143.5,3024.5,1792.5,7017.0
1,12.0476,0.39999999999999997,0.12,0.24000000000000002,0.24000000000000002,0.28,0.32,0.16,0.24000000000000002,6622.0,10765.5,534.5,14561.5
0,12.0476,0.39999999999999997,0.16,0.2,0.24000000000000002,0.28,0.24000000000000002,0.28,0.2,2896.0,2894.5,7173.0,23398.5
0,12.0476,0.12,0.24000000000000002,0.36,0.28,0.24000000000000002,0.24000000000000002,0.28,0.24000000000000002,11497.0,1280.5,255.0,21741.0
0,12.0476,0.32,0.36,0.08,0.24000000000000002,0.28,0.4799999999999999,0.12,0.12,25610.5,1750.0,85380.0,37165.0
0,12.0357,0.24000000000000002,0.28,0.28,0.2,0.39999999999999997,0.32,0.2,0.08,5504.5,5504.5,30793.0,5512.0
0,12.0357,0.2,0.28,0.32,0.2,0.2,0.36,0.16,0.28,12272.5,5035.0,17187.0,14630.5
1,12.0238,0.28,0.36,0.2,0.16,0.24000000000000002,0.5599999999999999,0.12,0.08,44015.5,235.5,98.5,15173.5
0,12.0238,0.2,0.36,0.2,0.24000000000000002,0.43999999999999995,0.5199999999999999,0.0,0.04,15887.0,699.5,65214.0,959.0
1,12.0119,0.32,0.32,0.12,0.24000000000000002,0.2,0.43999999999999995,0.16,0.2,4464.0,34095.5,8093.0,8093.0
1,12.0119,0.04,0.43999999999999995,0.08,0.43999999999999995,0.36,0.24000000000000002,0.16,0.24000000000000002,12209.0,15408.5,11248.0,0.5
0,11.9881,0.32,0.08,0.36,0.24000000000000002,0.16,0.24000000000000002,0.2,0.39999999999999997,14683.5,8400.0,2434.0,2434.0
0,11.9762,0.36,0.24000000000000002,0.08,0.32,0.2,0.39999999999999997,0.16,0.24000000000000002,79345.0,636.0,1756.0,1623.5
0,11.9762,0.32,0.12,0.28,0.28,0.24000000000000002,0.08,0.24000000000000002,0.43999999999999995,4162.5,2419.0,15561.0,142.0
0,11.9643,0.16,0.32,0.28,0.24000000000000002,0.16,0.24000000000000002,0.2,0.39999999999999997,27357.5,3497.0,83633.0,35418.0
1,11.9524,0.08,0.24000000000000002,0.24000000000000002,0.43999999999999995,0.28,0.2,0.36,0.16,30892.0,23521.5,15831.0,15743.5
0,11.9524,0.39999999999999997,0.16,0.28,0.16,0.39999999999999997,0.12,0.24000000000000002,0.24000000000000002,4645.5,16873.0,29693.5,8792.5
0,11.9405,0.4799999999999999,0.24000000000000002,0.2,0.08,0.32,0.32,0.2,0.16,6063.0,8979.0,8161.0,8161.0
0,11.9405,0.36,0.16,0.24000000000000002,0.24000000000000002,0.28,0.39999999999999997,0.16,0.16,12480.0,16805.0,32494.0,5182.5
0,11.9286,0.2,0.36,0.28,0.16,0.24000000000000002,0.39999999999999997,0.2,0.16,6887.0,7030.0,76356.0,10412.5
1,11.9286,0.2,0.24000000000000002,0.36,0.2,0.24000000000000002,0.24000000000000002,0.2,0.32,55229.0,9095.5,24703.5,11855.5
1,11.9167,0.36,0.2,0.2,0.24000000000000002,0.43999999999999995,0.16,0.32,0.08,3920.5,24393.0,2336.0,30963.0
0,11.9167,0.16,0.24000000000000002,0.2,0.39999999999999997,0.12,0.43999999999999995,0.12,0.32,19325.5,25155.5,8180.5,43225.5
0,11.8929,0.28,0.2,0.16,0.36,0.08,0.4799999999999999,0.16,0.28,34134.5,34134.5,11718.0,20601.0
0,11.880999999999998,0.28,0.32,0.12,0.28,0.28,0.2,0.16,0.36,2557.5,37621.0,37.0,6288.0
0,11.880999999999998,0.08,0.28,0.2,0.43999999999999995,0.36,0.24000000000000002,0.12,0.28,21262.0,47064.0,11178.5,1913.5
1,11.869000000000002,0.24000000000000002,0.2,0.2,0.36,0.24000000000000002,0.32,0.2,0.24000000000000002,14574.0,40376.0,17866.5,8601.5
0,11.869000000000002,0.24000000000000002,0.08,0.24000000000000002,0.43999999999999995,0.16,0.32,0.16,0.36,1095.0,1575.5,4611.0,17646.5
0,11.869000000000002,0.39999999999999997,0.08,0.32,0.2,0.28,0.28,0.28,0.16,18338.5,46670.0,12951.0,1297.0
1,11.869000000000002,0.28,0.5599999999999999,0.04,0.12,0.43999999999999995,0.4799999999999999,0.0,0.08,43193.5,24243.5,2221.5,32429.0
0,11.8571,0.43999999999999995,0.16,0.24000000000000002,0.16,0.36,0.24000000000000002,0.12,0.28,12829.0,16179.0,5927.5,1863.5
1,11.8452,0.16,0.6,0.08,0.16,0.36,0.39999999999999997,0.2,0.04,9130.0,3183.5,7011.0,755.0
0,11.8452,0.32,0.43999999999999995,0.24000000000000002,0.0,0.32,0.43999999999999995,0.12,0.12,29139.5,15701.5,5199.5,5199.5
0,11.8333,0.32,0.2,0.12,0.36,0.28,0.24000000000000002,0.28,0.2,10574.0,36376.0,21866.5,12601.5
0,11.8333,0.32,0.4799999999999999,0.08,0.12,0.43999999999999995,0.4799999999999999,0.0,0.08,13265.0,13378.5,15926.0,563.5
0,11.8214,0.28,0.32,0.12,0.28,0.24000000000000002,0.16,0.28,0.32,3842.0,2868.0,12537.5,1515.0
0,11.8214,0.24000000000000002,0.28,0.32,0.16,0.24000000000000002,0.4799999999999999,0.12,0.16,30053.0,7920.5,21770.0,26413.0
0,11.8214,0.32,0.28,0.12,0.28,0.43999999999999995,0.24000000000000002,0.12,0.2,127.5,11517.0,5636.0,25094.0
0,11.8095,0.28,0.2,0.28,0.24000000000000002,0.36,0.16,0.28,0.2,10095.0,17523.0,10330.5,6056.0
0,11.8095,0.12,0.4799999999999999,0.16,0.24000000000000002,0.28,0.28,0.08,0.36,2504.5,14982.5,17180.5,2614.0
1,11.7976,0.28,0.36,0.16,0.2,0.36,0.24000000000000002,0.12,0.28,5988.5,30547.0,17006.0,26790.5
0,11.7976,0.39999999999999997,0.2,0.2,0.2,0.36,0.24000000000000002,0.2,0.2,22646.0,513.5,29177.0,33820.0
1,11.7857,0.32,0.2,0.36,0.12,0.16,0.39999999999999997,0.16,0.28,60922.5,15855.5,709.5,709.5
0,11.7857,0.32,0.36,0.16,0.16,0.2,0.24000000000000002,0.24000000000000002,0.32,19351.0,13591.0,11504.5,11411.0
0,11.7738,0.16,0.28,0.36,0.2,0.32,0.2,0.2,0.28,13083.5,13083.5,13019.5,20532.5
0,11.7738,0.39999999999999997,0.43999999999999995,0.04,0.12,0.39999999999999997,0.2,0.12,0.28,34184.5,35734.5,27447.5,8830.0
0,11.7738,0.28,0.12,0.39999999999999997,0.2,0.08,0.28,0.32,0.32,1648.5,29252.0,6452.5,9580.0
0,11.75,0.16,0.24000000000000002,0.2,0.39999999999999997,0.24000000000000002,0.12,0.32,0.32,11877.5,840.0,24420.0,6975.5
0,11.75,0.36,0.32,0.28,0.04,0.5199999999999999,0.2,0.12,0.16,14304.5,15446.5,22202.5,32462.5
0,11.7381,0.2,0.5199999999999999,0.12,0.16,0.5599999999999999,0.2,0.04,0.2,37365.5,25485.0,5263.0,16627.0
1,11.7262,0.39999999999999997,0.2,0.12,0.28,0.32,0.24000000000000002,0.08,0.36,17261.5,17261.5,130.5,24927.0
0,11.7262,0.32,0.24000000000000002,0.08,0.36,0.28,0.32,0.28,0.12,36925.5,4554.0,4166.0,883.0
0,11.7262,0.36,0.24000000000000002,0.24000000000000002,0.16,0.36,0.24000000000000002,0.24000000000000002,0.16,1851.0,19571.0,7346.5,2960.5
0,11.7262,0.24000000000000002,0.39999999999999997,0.2,0.16,0.39999999999999997,0.28,0.2,0.12,3840.0,7039.5,19617.0,8369.5
1,11.7143,0.32,0.36,0.16,0.16,0.36,0.39999999999999997,0.08,0.16,1553.5,4782.0,34161.0,15581.5
1,11.7143,0.08,0.36,0.12,0.43999999999999995,0.4799999999999999,0.16,0.16,0.2,4249.0,14702.0,9856.5,42635.5
0,11.7143,0.32,0.32,0.32,0.04,0.32,0.2,0.32,0.16,8174.0,12499.0,36800.0,9488.5
1,11.7024,0.16,0.2,0.24000000000000002,0.39999999999999997,0.2,0.32,0.32,0.16,22255.5,2469.0,9034.0,825.5
0,11.6905,0.32,0.36,0.12,0.2,0.32,0.24000000000000002,0.16,0.28,944.0,15362.5,50879.0,10595.5
0,11.6786,0.28,0.36,0.24000000000000002,0.12,0.12,0.4799999999999999,0.2,0.2,12959.0,22671.0,11555.5,79904.0
0,11.6786,0.24000000000000002,0.36,0.12,0.28,0.12,0.4799999999999999,0.24000000000000002,0.16,2804.5,2804.5,43048.0,51931.0
0,11.6786,0.2,0.28,0.36,0.16,0.4799999999999999,0.12,0.04,0.36,25649.0,25649.0,14293.5,2816.0
1,11.6786,0.43999999999999995,0.24000000000000002,0.16,0.16,0.39999999999999997,0.39999999999999997,0.16,0.04,15621.5,15621.5,10481.5,17994.5
0,11.6786,0.36,0.36,0.16,0.12,0.28,0.36,0.24000000000000002,0.12,27938.5,29488.5,33693.5,15076.0
0,11.6667,0.24000000000000002,0.39999999999999997,0.24000000000000002,0.12,0.39999999999999997,0.28,0.16,0.16,1948.0,4584.0,3972.5,27686.0
0,11.6548,0.28,0.2,0.2,0.32,0.12,0.28,0.36,0.24000000000000002,1437.5,9294.5,28022.0,5758.0
0,11.6548,0.2,0.32,0.24000000000000002,0.24000000000000002,0.24000000000000002,0.32,0.28,0.16,33869.0,3685.0,10894.0,2049.0
1,11.6548,0.16,0.43999999999999995,0.24000000000000002,0.16,0.28,0.16,0.2,0.36,1018.5,1018.5,44834.0,53717.0
0,11.6548,0.12,0.43999999999999995,0.2,0.24000000000000002,0.24000000000000002,0.24000000000000002,0.2,0.32,3487.5,5068.5,601.5,63312.5
0,11.6548,0.4799999999999999,0.28,0.08,0.16,0.2,0.43999999999999995,0.16,0.2,30017.5,16579.5,4321.5,4321.5
0,11.6429,0.12,0.2,0.39999999999999997,0.28,0.32,0.16,0.28,0.24000000000000002,2237.5,28539.5,8449.0,8449.0
0,11.6429,0.16,0.32,0.16,0.36,0.43999999999999995,0.28,0.2,0.08,22513.5,31388.0,25363.0,882.0
0,11.6429,0.43999999999999995,0.2,0.12,0.24000000000000002,0.2,0.43999999999999995,0.16,0.2,16628.5,16628.5,29224.0,38107.0
0,11.619000000000002,0.2,0.39999999999999997,0.2,0.2,0.32,0.28,0.24000000000000002,0.16,24556.0,24556.0,15386.5,3909.0
0,11.6071,0.32,0.16,0.24000000000000002,0.28,0.28,0.24000000000000002,0.32,0.16,17536.0,50650.5,4289.5,4289.5
1,11.6071,0.28,0.39999999999999997,0.12,0.2,0.24000000000000002,0.16,0.43999999999999995,0.16,23.0,22.5,818.0,7732.5
1,11.6071,0.2,0.16,0.36,0.28,0.12,0.16,0.39999999999999997,0.32,6569.5,27194.5,104421.0,377.0
1,11.5952,0.28,0.36,0.08,0.28,0.24000000000000002,0.2,0.24000000000000002,0.32,3831.0,2481.0,14949.5,6372.0
0,11.5952,0.16,0.36,0.12,0.36,0.24000000000000002,0.36,0.24000000000000002,0.16,3422.5,19219.5,615.0,6107.5
1,11.5952,0.32,0.16,0.32,0.2,0.32,0.28,0.36,0.04,30614.5,88356.0,5085.0,14219.0
1,11.5833,0.16,0.5199999999999999,0.12,0.2,0.28,0.28,0.2,0.24000000000000002,40161.0,13462.0,10675.5,393.0
1,11.5833,0.43999999999999995,0.28,0.04,0.24000000000000002,0.5199999999999999,0.28,0.12,0.08,27448.5,6750.5,19158.5,30238.0
1,11.5833,0.43999999999999995,0.28,0.04,0.24000000000000002,0.5199999999999999,0.28,0.12,0.08,27828.5,7130.5,18778.5,29858.0
0,11.5833,0.16,0.36,0.2,0.28,0.32,0.2,0.32,0.16,4338.0,4338.0,5393.0,22904.5
1,11.5714,0.28,0.24000000000000002,0.32,0.16,0.4799999999999999,0.04,0.32,0.16,27601.0,3502.0,13819.5,4123.0
1,11.5714,0.24000000000000002,0.24000000000000002,0.2,0.32,0.32,0.24000000000000002,0.12,0.32,10102.0,13385.0,28239.5,21693.0
0,11.5714,0.2,0.32,0.32,0.16,0.2,0.32,0.24000000000000002,0.24000000000000002,13705.0,13848.0,69538.0,3594.5
0,11.5595,0.36,0.24000000000000002,0.16,0.24000000000000002,0.24000000000000002,0.36,0.12,0.28,12435.0,12435.0,5188.5,10096.5
0,11.5595,0.39999999999999997,0.32,0.2,0.08,0.39999999999999997,0.28,0.16,0.16,979.5,53736.5,1947.5,1947.5
1,11.5595,0.12,0.39999999999999997,0.39999999999999997,0.08,0.28,0.43999999999999995,0.12,0.16,58566.5,13499.5,3065.5,3065.5
0,11.5595,0.36,0.28,0.04,0.32,0.39999999999999997,0.32,0.2,0.08,8827.0,32221.0,1998.5,6594.0
0,11.5476,0.24000000000000002,0.24000000000000002,0.28,0.24000000000000002,0.43999999999999995,0.16,0.2,0.2,29485.5,16047.5,4853.5,4853.5
0,11.5476,0.32,0.16,0.24000000000000002,0.28,0.43999999999999995,0.16,0.24000000000000002,0.16,46974.0,24841.5,4849.0,9492.0
0,11.5357,0.36,0.32,0.12,0.2,0.08,0.5599999999999999,0.16,0.2,2268.5,2268.5,10914.5,10914.5
1,11.5357,0.32,0.28,0.08,0.32,0.24000000000000002,0.5199999999999999,0.16,0.08,32662.0,5963.0,18174.5,7892.0
0,11.5357,0.5599999999999999,0.36,0.0,0.08,0.36,0.36,0.08,0.2,3456.0,3456.0,723.0,3448.5
0,11.5238,0.24000000000000002,0.32,0.36,0.08,0.24000000000000002,0.32,0.28,0.16,11630.0,37432.0,20810.5,11545.5
0,11.5238,0.28,0.24000000000000002,0.28,0.2,0.32,0.2,0.2,0.28,13469.0,17794.0,31505.0,4193.5
1,11.5238,0.4799999999999999,0.28,0.16,0.08,0.39999999999999997,0.43999999999999995,0.12,0.04,15864.5,15864.5,10238.5,17751.5
0,11.5119,0.16,0.39999999999999997,0.2,0.24000000000000002,0.32,0.28,0.24000000000000002,0.16,2454.0,10029.0,13735.0,28783.5
0,11.5119,0.24000000000000002,0.43999999999999995,0.24000000000000002,0.08,0.28,0.28,0.2,0.24000000000000002,18466.0,24278.0,1987.5,25982.5
0,11.5119,0.12,0.2,0.39999999999999997,0.28,0.32,0.24000000000000002,0.2,0.24000000000000002,15768.5,443.5,95222.0,8092.0
0,11.5119,0.36,0.4799999999999999,0.08,0.08,0.28,0.43999999999999995,0.16,0.12,8362.0,32126.0,14431.0,6686.5
0,11.5,0.32,0.39999999999999997,0.24000000000000002,0.04,0.24000000000000002,0.4799999999999999,0.16,0.12,950.5,13428.5,18734.5,4168.0
0,11.5,0.24000000000000002,0.4799999999999999,0.08,0.2,0.28,0.28,0.16,0.28,42185.5,6302.5,1928.5,1471.0
1,11.5,0.32,0.08,0.16,0.43999999999999995,0.2,0.28,0.24000000000000002,0.28,44789.5,20929.0,66201.0,17986.0
0,11.4881,0.28,0.24000000000000002,0.24000000000000002,0.24000000000000002,0.16,0.28,0.28,0.28,17105.5,24181.0,3988.0,3142.5
0,11.4881,0.32,0.2,0.28,0.2,0.16,0.28,0.24000000000000002,0.32,24706.0,7348.5,55226.5,2416.5
1,11.4881,0.2,0.36,0.08,0.36,0.36,0.2,0.24000000000000002,0.2,5121.0,19618.0,12047.0,7281.0
0,11.4762,0.39999999999999997,0.16,0.08,0.36,0.24000000000000002,0.28,0.24000000000000002,0.24000000000000002,17242.0,34682.0,12964.0,1929.0
0,11.4643,0.08,0.39999999999999997,0.2,0.32,0.0,0.32,0.43999999999999995,0.24000000000000002,22904.0,771.5,28919.0,33562.0
0,11.4643,0.2,0.5599999999999999,0.04,0.2,0.32,0.39999999999999997,0.12,0.16,34143.0,26772.5,12580.0,12492.5
0,11.4524,0.24000000000000002,0.16,0.28,0.32,0.36,0.24000000000000002,0.08,0.32,100125.0,11068.5,8299.0,7755.5
0,11.4524,0.2,0.28,0.28,0.24000000000000002,0.39999999999999997,0.16,0.16,0.28,8680.5,39510.0,2602.0,2602.0
0,11.4405,0.32,0.16,0.28,0.24000000000000002,0.36,0.12,0.28,0.24000000000000002,35809.5,1816.5,12067.0,16961.0
1,11.4405,0.24000000000000002,0.16,0.28,0.32,0.2,0.32,0.2,0.28,7796.5,34261.5,22378.5,22411.0
1,11.4286,0.36,0.2,0.12,0.32,0.12,0.24000000000000002,0.28,0.36,4277.0,30079.0,28163.5,18898.5
0,11.4286,0.43999999999999995,0.12,0.2,0.24000000000000002,0.16,0.28,0.36,0.2,1756.5,9613.5,27703.0,5439.0
0,11.4167,0.24000000000000002,0.28,0.24000000000000002,0.24000000000000002,0.16,0.32,0.28,0.24000000000000002,88537.0,14028.0,22898.0,3756.0
0,11.4167,0.43999999999999995,0.2,0.24000000000000002,0.12,0.2,0.36,0.24000000000000002,0.2,24520.5,660.0,86470.0,38255.0
0,11.4167,0.36,0.12,0.2,0.32,0.2,0.24000000000000002,0.24000000000000002,0.32,13353.0,23065.0,11161.5,79510.0
0,11.4167,0.36,0.28,0.2,0.16,0.08,0.36,0.36,0.2,48109.5,24249.0,62881.0,14666.0
0,11.4048,0.4799999999999999,0.2,0.08,0.24000000000000002,0.24000000000000002,0.32,0.2,0.24000000000000002,3301.5,4820.0,35229.0,25617.0
1,11.4048,0.2,0.39999999999999997,0.2,0.2,0.36,0.2,0.32,0.12,7045.0,7393.0,1909.0,1909.0
1,11.4048,0.16,0.2,0.28,0.36,0.2,0.39999999999999997,0.12,0.28,14589.5,14474.0,1952.0,29435.0
0,11.4048,0.36,0.28,0.2,0.16,0.24000000000000002,0.32,0.28,0.16,21380.0,7422.5,7811.0,20149.0
0,11.3929,0.28,0.2,0.16,0.36,0.04,0.36,0.24000000000000002,0.36,23598.5,4733.0,3460.5,2684.0
0,11.3929,0.36,0.39999999999999997,0.2,0.04,0.39999999999999997,0.43999999999999995,0.16,0.0,38069.0,9604.0,1873.5,1899.5
0,11.3929,0.32,0.16,0.36,0.16,0.28,0.36,0.24000000000000002,0.12,14515.0,18840.0,30459.0,3147.5
0,11.380999999999998,0.4799999999999999,0.16,0.24000000000000002,0.12,0.12,0.2,0.39999999999999997,0.28,9167.5,16243.0,11926.0,11080.5
0,11.380999999999998,0.28,0.16,0.36,0.2,0.28,0.36,0.2,0.16,1820.0,2902.0,20060.0,1189.5
0,11.3571,0.2,0.43999999999999995,0.08,0.28,0.36,0.2,0.28,0.16,90679.5,14911.0,20311.0,12214.5
0,11.3571,0.28,0.24000000000000002,0.24000000000000002,0.24000000000000002,0.04,0.36,0.28,0.32,30830.0,16177.5,5449.0,5449.0
1,11.3571,0.39999999999999997,0.32,0.2,0.08,0.32,0.2,0.36,0.12,90345.0,15836.0,21090.0,1948.0
0,11.3452,0.32,0.08,0.24000000000000002,0.36,0.28,0.39999999999999997,0.2,0.12,5806.0,29152.0,7293.0,2141.0
1,11.3452,0.16,0.16,0.32,0.36,0.2,0.28,0.36,0.16,5433.0,29197.0,17360.0,9615.5
1,11.3452,0.16,0.32,0.28,0.24000000000000002,0.2,0.2,0.36,0.24000000000000002,19685.5,46150.5,10489.5,10522.0
1,11.3333,0.24000000000000002,0.36,0.24000000000000002,0.16,0.12,0.32,0.16,0.39999999999999997,4371.5,24996.5,106619.0,2575.0
0,11.3333,0.2,0.36,0.28,0.16,0.68,0.12,0.04,0.16,1007.5,16804.5,3030.0,8522.5
0,11.3333,0.28,0.28,0.12,0.32,0.24000000000000002,0.28,0.16,0.32,6678.0,54231.0,5074.0,3106.5
0,11.3095,0.28,0.24000000000000002,0.28,0.2,0.36,0.36,0.12,0.16,28026.5,9623.0,54484.0,38321.5
0,11.2976,0.2,0.32,0.16,0.32,0.24000000000000002,0.24000000000000002,0.2,0.32,31466.0,4399.5,13508.0,6684.5
1,11.2857,0.32,0.39999999999999997,0.08,0.2,0.24000000000000002,0.4799999999999999,0.2,0.08,24122.5,10684.5,10216.5,10216.5
0,11.2857,0.36,0.24000000000000002,0.16,0.24000000000000002,0.24000000000000002,0.43999999999999995,0.12,0.2,494.0,492.5,9575.0,25800.5
0,11.25,0.16,0.32,0.16,0.36,0.2,0.36,0.2,0.24000000000000002,6995.0,9878.0,3476.0,45478.0
0,11.2381,0.39999999999999997,0.28,0.2,0.12,0.39999999999999997,0.32,0.04,0.24000000000000002,15190.5,39749.0,7804.0,17588.5
0,11.2381,0.28,0.36,0.16,0.2,0.24000000000000002,0.4799999999999999,0.2,0.08,36677.0,9610.5,8297.0,1473.5
1,11.2262,0.16,0.12,0.36,0.36,0.24000000000000002,0.32,0.36,0.08,31723.5,19843.0,10905.0,22269.0
1,11.2262,0.28,0.28,0.24000000000000002,0.2,0.24000000000000002,0.28,0.28,0.2,2293.5,19748.5,8513.0,22440.0
0,11.2143,0.12,0.36,0.2,0.32,0.12,0.4799999999999999,0.24000000000000002,0.16,1708.0,1708.0,28084.0,13317.0
0,11.2143,0.28,0.24000000000000002,0.12,0.36,0.24000000000000002,0.64,0.04,0.08,25688.5,1828.0,85302.0,37087.0
0,11.2143,0.16,0.2,0.28,0.36,0.2,0.2,0.36,0.24000000000000002,12422.0,23892.5,3012.0,5681.0
0,11.2143,0.12,0.28,0.36,0.24000000000000002,0.24000000000000002,0.43999999999999995,0.12,0.2,12290.0,4810.5,9590.0,21147.5
0,11.2143,0.2,0.28,0.2,0.32,0.16,0.24000000000000002,0.32,0.28,51006.0,34140.0,30095.0,20831.0
0,11.2143,0.39999999999999997,0.2,0.24000000000000002,0.16,0.32,0.12,0.16,0.39999999999999997,14031.0,3006.0,23257.5,1014.0
0,11.2024,0.12,0.39999999999999997,0.39999999999999997,0.08,0.2,0.2,0.16,0.43999999999999995,13727.0,708.5,37109.5,4566.5
0,11.2024,0.2,0.39999999999999997,0.24000000000000002,0.16,0.24000000000000002,0.2,0.28,0.28,6208.0,9558.0,12548.5,8484.5
0,11.2024,0.24000000000000002,0.16,0.24000000000000002,0.36,0.32,0.16,0.32,0.2,12652.0,24122.5,2782.0,5451.0
0,11.1905,0.32,0.28,0.36,0.04,0.32,0.32,0.16,0.2,6814.5,12692.0,11746.5,906.0
0,11.1905,0.36,0.39999999999999997,0.16,0.08,0.43999999999999995,0.2,0.08,0.28,9893.0,10006.5,19298.0,3935.5
1,11.1786,0.08,0.36,0.32,0.24000000000000002,0.32,0.24000000000000002,0.16,0.28,28284.0,256.5,6431.5,6431.5
0,11.1786,0.4799999999999999,0.2,0.2,0.12,0.43999999999999995,0.12,0.12,0.32,1246.0,48577.5,4138.0,7106.5
0,11.1786,0.43999999999999995,0.32,0.16,0.08,0.12,0.36,0.24000000000000002,0.28,18064.5,42623.0,4930.0,14714.5
0,11.1667,0.32,0.28,0.16,0.24000000000000002,0.2,0.32,0.28,0.2,14494.5,7257.0,14965.0,12408.5
0,11.1667,0.32,0.5199999999999999,0.12,0.04,0.28,0.39999999999999997,0.12,0.2,7066.5,12944.0,11494.5,654.0
0,11.1548,0.36,0.12,0.32,0.2,0.36,0.32,0.16,0.16,12630.5,18460.5,14875.5,49920.5
0,11.1548,0.32,0.36,0.2,0.12,0.39999999999999997,0.36,0.16,0.08,27649.0,4473.5,4791.5,14818.0
0,11.1429,0.32,0.24000000000000002,0.2,0.24000000000000002,0.36,0.32,0.16,0.16,4508.0,5924.5,68174.0,1830.5
0,11.1429,0.39999999999999997,0.24000000000000002,0.12,0.24000000000000002,0.36,0.28,0.2,0.16,9740.0,9853.5,19451.0,4088.5
0,11.130999999999998,0.2,0.5199999999999999,0.24000000000000002,0.04,0.16,0.32,0.36,0.16,14538.0,5372.5,307.0,17184.0
0,11.130999999999998,0.12,0.43999999999999995,0.2,0.24000000000000002,0.36,0.32,0.2,0.12,31071.0,13601.5,52172.0,2406.5
0,11.130999999999998,0.16,0.43999999999999995,0.28,0.12,0.36,0.16,0.24000000000000002,0.24000000000000002,10369.5,10369.5,32259.0,1486.0
0,11.119000000000002,0.32,0.4799999999999999,0.08,0.12,0.36,0.36,0.08,0.2,13743.5,10331.0,30370.5,9887.5
0,11.119000000000002,0.16,0.28,0.36,0.2,0.39999999999999997,0.43999999999999995,0.08,0.08,13174.0,13287.5,16017.0,654.5
0,11.119000000000002,0.5199999999999999,0.2,0.16,0.12,0.32,0.24000000000000002,0.2,0.24000000000000002,25479.0,11521.5,3712.0,16050.0
1,11.119000000000002,0.32,0.28,0.08,0.32,0.24000000000000002,0.4799999999999999,0.16,0.12,11768.0,26.0,30630.5,26131.0
1,11.0952,0.24000000000000002,0.32,0.28,0.16,0.5199999999999999,0.28,0.04,0.16,88595.5,18894.0,19870.0,36480.0
0,11.0952,0.12,0.2,0.5199999999999999,0.16,0.04,0.32,0.24000000000000002,0.39999999999999997,27094.0,1815.5,45588.0,26676.0
0,11.0952,0.32,0.24000000000000002,0.12,0.32,0.36,0.32,0.16,0.16,37062.0,7773.5,226.5,226.5
0,11.0952,0.2,0.4799999999999999,0.16,0.16,0.24000000000000002,0.16,0.36,0.24000000000000002,26474.0,19103.5,20249.0,20161.5
0,11.0714,0.16,0.32,0.32,0.2,0.16,0.24000000000000002,0.36,0.24000000000000002,14478.0,20157.5,3473.0,2399.0
0,11.0714,0.24000000000000002,0.39999999999999997,0.16,0.2,0.12,0.28,0.36,0.24000000000000002,60907.0,14773.5,19025.5,6177.5
1,11.0714,0.43999999999999995,0.28,0.16,0.12,0.2,0.32,0.24000000000000002,0.24000000000000002,3503.5,61245.0,32196.0,41330.0
0,11.0714,0.24000000000000002,0.24000000000000002,0.28,0.24000000000000002,0.36,0.32,0.2,0.12,4644.0,4876.0,379.0,7469.5
0,11.0595,0.32,0.28,0.28,0.12,0.39999999999999997,0.16,0.28,0.16,12109.5,17939.5,15396.5,50441.5
0,11.0595,0.36,0.2,0.24000000000000002,0.2,0.39999999999999997,0.36,0.12,0.12,19416.0,3976.5,5812.0,5812.0
1,11.0595,0.32,0.28,0.12,0.28,0.28,0.43999999999999995,0.2,0.08,35376.0,5349.0,8596.0,2087.0
0,11.0476,0.36,0.39999999999999997,0.16,0.08,0.12,0.36,0.28,0.24000000000000002,3938.5,22252.0,5174.5,16580.0
1,11.0476,0.39999999999999997,0.16,0.2,0.24000000000000002,0.28,0.2,0.2,0.32,12647.5,61109.5,95818.0,7271.5
0,11.0476,0.12,0.43999999999999995,0.24000000000000002,0.2,0.16,0.28,0.36,0.2,9781.5,1487.5,19875.0,862.0
0,11.0357,0.32,0.16,0.24000000000000002,0.28,0.2,0.36,0.24000000000000002,0.2,4332.0,12073.5,21041.0,42866.5
0,11.0357,0.36,0.2,0.2,0.24000000000000002,0.12,0.36,0.32,0.2,5209.0,36891.5,459.0,243.0
1,11.0238,0.28,0.39999999999999997,0.12,0.2,0.2,0.32,0.24000000000000002,0.24000000000000002,12109.5,22745.0,3057.0,26232.5
1,11.0238,0.16,0.2,0.32,0.32,0.08,0.28,0.39999999999999997,0.24000000000000002,42.0,42.0,13.5,11.5
1,11.0119,0.2,0.16,0.32,0.32,0.36,0.2,0.39999999999999997,0.04,18536.0,6253.5,4921.0,4921.0
1,11.0119,0.32,0.28,0.2,0.2,0.2,0.16,0.39999999999999997,0.24000000000000002,43598.0,36227.5,3125.0,3037.5
0,11.0,0.43999999999999995,0.36,0.12,0.08,0.32,0.28,0.28,0.12,25396.5,5828.0,4260.0,32987.0
0,11.0,0.32,0.04,0.2,0.43999999999999995,0.2,0.24000000000000002,0.12,0.43999999999999995,56725.5,38322.0,25785.0,9622.5
1,10.9881,0.24000000000000002,0.36,0.04,0.36,0.24000000000000002,0.4799999999999999,0.08,0.2,690.0,15108.5,51133.0,10849.5
1,10.9881,0.2,0.32,0.2,0.28,0.08,0.36,0.28,0.28,48702.0,31836.0,32399.0,23135.0
0,10.9762,0.36,0.36,0.16,0.12,0.24000000000000002,0.2,0.12,0.43999999999999995,38846.0,2833.0,5917.0,5917.0
1,10.9762,0.32,0.2,0.2,0.28,0.16,0.5199999999999999,0.24000000000000002,0.08,27063.0,3887.5,5377.5,15404.0
1,10.9762,0.08,0.28,0.24000000000000002,0.39999999999999997,0.04,0.32,0.28,0.36,5192.5,6711.0,33338.0,23726.0
0,10.9762,0.4799999999999999,0.32,0.12,0.08,0.28,0.24000000000000002,0.24000000000000002,0.24000000000000002,24111.5,3406.0,11603.0,11242.0
0,10.9762,0.32,0.4799999999999999,0.04,0.16,0.36,0.39999999999999997,0.04,0.2,20226.5,4901.5,90764.0,3634.0
0,10.9643,0.2,0.28,0.24000000000000002,0.28,0.32,0.16,0.2,0.32,20027.5,20712.5,2281.0,2281.0
0,10.9643,0.2,0.32,0.12,0.36,0.16,0.24000000000000002,0.32,0.28,2360.0,3160.0,12485.0,6591.5
0,10.9524,0.43999999999999995,0.39999999999999997,0.08,0.08,0.39999999999999997,0.2,0.2,0.2,17301.0,424.0,650.0,3667.5
1,10.9524,0.2,0.12,0.36,0.32,0.2,0.32,0.36,0.12,31724.5,19844.0,10904.0,22268.0
0,10.9405,0.16,0.12,0.28,0.43999999999999995,0.24000000000000002,0.24000000000000002,0.32,0.2,291.0,47844.0,11461.0,9493.5
1,10.9405,0.36,0.16,0.32,0.16,0.2,0.12,0.24000000000000002,0.43999999999999995,13523.0,19301.5,543.0,677.0
0,10.9286,0.28,0.39999999999999997,0.12,0.2,0.5199999999999999,0.36,0.08,0.04,3369.0,6557.0,33115.0,16007.0
0,10.9286,0.5199999999999999,0.39999999999999997,0.04,0.04,0.36,0.36,0.16,0.12,3455.5,4974.0,35075.0,25463.0
1,10.9167,0.2,0.24000000000000002,0.36,0.2,0.36,0.2,0.2,0.24000000000000002,93777.5,24076.0,14688.0,31298.0
0,10.9167,0.2,0.2,0.12,0.4799999999999999,0.24000000000000002,0.32,0.16,0.28,935.0,6458.5,13718.0,3212.0
1,10.9167,0.08,0.24000000000000002,0.32,0.36,0.36,0.16,0.32,0.16,53263.0,11970.5,29980.0,4624.0
1,10.9048,0.2,0.28,0.24000000000000002,0.28,0.2,0.24000000000000002,0.16,0.39999999999999997,24073.0,971.0,17347.5,5.0
0,10.9048,0.2,0.36,0.28,0.16,0.16,0.28,0.2,0.36,323.5,282.0,26735.5,17327.0
0,10.9048,0.24000000000000002,0.04,0.12,0.6,0.16,0.36,0.12,0.36,13499.5,10087.0,30614.5,10131.5
0,10.8929,0.39999999999999997,0.2,0.16,0.24000000000000002,0.24000000000000002,0.39999999999999997,0.16,0.2,25880.5,18643.0,3579.0,1022.5
0,10.8929,0.32,0.08,0.32,0.28,0.2,0.36,0.24000000000000002,0.2,33218.0,3034.0,11545.0,2700.0
0,10.8929,0.16,0.36,0.32,0.16,0.28,0.24000000000000002,0.24000000000000002,0.24000000000000002,5468.0,5468.0,45368.5,1819.5
1,10.880999999999998,0.08,0.5599999999999999,0.12,0.24000000000000002,0.39999999999999997,0.04,0.32,0.24000000000000002,24663.5,6260.0,57847.0,41684.5
0,10.880999999999998,0.2,0.36,0.16,0.28,0.28,0.16,0.28,0.28,9859.5,9859.5,35993.0,44876.0
0,10.880999999999998,0.2,0.24000000000000002,0.32,0.24000000000000002,0.28,0.08,0.28,0.36,58771.0,41905.0,22330.0,13066.0
1,10.880999999999998,0.28,0.2,0.36,0.16,0.2,0.43999999999999995,0.28,0.08,100352.0,3035.0,11083.0,23864.0
0,10.880999999999998,0.16,0.12,0.39999999999999997,0.32,0.16,0.24000000000000002,0.36,0.24000000000000002,2561.0,16446.5,1357.0,2331.0
0,10.869000000000002,0.2,0.36,0.12,0.32,0.39999999999999997,0.24000000000000002,0.16,0.2,13537.5,10125.0,30576.5,10093.5
0,10.869000000000002,0.2,0.28,0.2,0.32,0.43999999999999995,0.28,0.08,0.2,14755.0,1719.5,5540.0,5540.0
0,10.869000000000002,0.08,0.5599999999999999,0.04,0.32,0.08,0.39999999999999997,0.28,0.24000000000000002,8500.0,8500.0,28788.5,1493.0
0,10.869000000000002,0.43999999999999995,0.32,0.04,0.2,0.36,0.36,0.16,0.12,61920.0,8129.0,10762.0,10603.0
0,10.8571,0.24000000000000002,0.39999999999999997,0.24000000000000002,0.12,0.4799999999999999,0.32,0.12,0.08,37250.5,38800.5,24381.5,5764.0
0,10.8571,0.4799999999999999,0.16,0.04,0.32,0.28,0.36,0.2,0.16,32501.0,5434.5,12473.0,5649.5
0,10.8452,0.32,0.2,0.2,0.28,0.16,0.28,0.28,0.28,3043.0,13157.0,10227.0,25658.0
1,10.8452,0.12,0.12,0.32,0.43999999999999995,0.16,0.12,0.39999999999999997,0.32,40554.0,23688.0,40547.0,31283.0
1,10.8333,0.2,0.43999999999999995,0.2,0.16,0.32,0.12,0.24000000000000002,0.32,3081.0,8140.5,43445.5,27674.0
0,10.8333,0.28,0.39999999999999997,0.2,0.12,0.39999999999999997,0.16,0.24000000000000002,0.2,27990.0,465.0,16773.0,2194.0
1,10.8214,0.28,0.24000000000000002,0.32,0.16,0.2,0.2,0.28,0.32,4296.0,10482.5,15999.0,8739.5
0,10.8095,0.43999999999999995,0.2,0.16,0.2,0.32,0.28,0.2,0.2,6782.0,17235.0,7323.5,40102.5
1,10.8095,0.16,0.36,0.2,0.28,0.12,0.36,0.2,0.32,42041.0,6028.0,2722.0,2722.0
0,10.8095,0.28,0.5199999999999999,0.12,0.08,0.24000000000000002,0.24000000000000002,0.28,0.24000000000000002,605.0,605.0,1936.5,1879.5
0,10.7976,0.36,0.36,0.16,0.12,0.39999999999999997,0.24000000000000002,0.2,0.16,20360.5,3225.5,15354.0,334.0
0,10.7976,0.24000000000000002,0.04,0.32,0.39999999999999997,0.16,0.43999999999999995,0.12,0.28,74125.0,21178.5,34299.0,151.0
0,10.7976,0.32,0.43999999999999995,0.12,0.12,0.39999999999999997,0.24000000000000002,0.16,0.2,20144.0,1538.5,23828.0,9838.5
0,10.7976,0.39999999999999997,0.08,0.24000000000000002,0.28,0.24000000000000002,0.43999999999999995,0.28,0.04,55784.0,1993.0,16898.0,16739.0
1,10.7857,0.28,0.32,0.24000000000000002,0.16,0.24000000000000002,0.32,0.16,0.28,26480.5,2620.0,84510.0,36295.0
0,10.7857,0.5599999999999999,0.12,0.28,0.04,0.28,0.16,0.2,0.36,69631.0,6089.0,13612.0,4280.0
0,10.7857,0.39999999999999997,0.24000000000000002,0.2,0.16,0.32,0.16,0.28,0.24000000000000002,28595.0,14637.5,596.0,12934.0
0,10.7738,0.4799999999999999,0.12,0.2,0.2,0.24000000000000002,0.32,0.28,0.16,3536.5,3536.5,6182.5,3653.5
0,10.7738,0.36,0.2,0.36,0.08,0.28,0.2,0.16,0.36,10905.5,12455.5,50726.5,32109.0
0,10.7738,0.39999999999999997,0.04,0.24000000000000002,0.32,0.28,0.32,0.16,0.24000000000000002,33163.0,22470.5,1818.5,1818.5
0,10.7619,0.39999999999999997,0.32,0.12,0.16,0.36,0.32,0.12,0.2,16622.0,691.5,6171.0,16693.0
0,10.7619,0.43999999999999995,0.2,0.16,0.2,0.28,0.39999999999999997,0.12,0.2,17842.0,2624.0,26130.0,763.5
0,10.75,0.08,0.6,0.04,0.28,0.08,0.39999999999999997,0.32,0.2,8499.0,8499.0,28789.5,1494.0
0,10.75,0.28,0.5199999999999999,0.08,0.12,0.2,0.5199999999999999,0.16,0.12,9229.5,9317.0,395.0,93258.0
0,10.75,0.36,0.08,0.36,0.2,0.32,0.2,0.2,0.28,34339.5,10479.0,76651.0,28436.0
0,10.7381,0.36,0.2,0.16,0.28,0.36,0.43999999999999995,0.12,0.08,16577.0,646.5,6216.0,16738.0
0,10.7381,0.28,0.2,0.24000000000000002,0.28,0.28,0.28,0.12,0.32,13041.5,14183.5,23465.5,33725.5
0,10.7262,0.36,0.2,0.12,0.32,0.24000000000000002,0.16,0.24000000000000002,0.36,9355.5,5987.0,37251.5,11342.5
0,10.7262,0.28,0.5199999999999999,0.12,0.08,0.39999999999999997,0.28,0.24000000000000002,0.08,10739.0,3648.5,31659.5,1003.0
1,10.7262,0.36,0.28,0.04,0.32,0.24000000000000002,0.36,0.16,0.24000000000000002,27410.0,12365.0,9878.5,1798.0
0,10.7143,0.28,0.16,0.16,0.39999999999999997,0.28,0.36,0.2,0.16,4969.0,28363.0,5856.5,10452.0
0,10.7143,0.68,0.2,0.0,0.12,0.4799999999999999,0.28,0.12,0.12,6651.0,17104.0,7454.5,40233.5
0,10.7143,0.16,0.2,0.36,0.28,0.2,0.36,0.12,0.32,18080.5,430.0,8978.5,720.0
0,10.7143,0.16,0.28,0.2,0.36,0.24000000000000002,0.16,0.32,0.28,3164.5,9636.0,999.5,39341.5
0,10.7143,0.24000000000000002,0.2,0.16,0.39999999999999997,0.2,0.43999999999999995,0.16,0.2,4443.5,4587.0,2002.0,11424.5
0,10.7024,0.39999999999999997,0.28,0.08,0.24000000000000002,0.32,0.2,0.28,0.2,1756.5,20070.0,7356.5,18762.0
1,10.6905,0.36,0.16,0.28,0.2,0.24000000000000002,0.24000000000000002,0.32,0.2,1457.5,2163.5,224.5,15433.0
0,10.6905,0.08,0.32,0.4799999999999999,0.12,0.24000000000000002,0.28,0.2,0.28,6414.5,17050.0,8752.0,31927.5
0,10.6905,0.2,0.24000000000000002,0.28,0.28,0.32,0.12,0.28,0.28,22017.0,497.5,3871.0,781.0
1,10.6905,0.24000000000000002,0.16,0.36,0.24000000000000002,0.28,0.08,0.32,0.32,27301.0,27301.0,7414.5,701.5
0,10.6786,0.28,0.16,0.2,0.36,0.28,0.36,0.08,0.28,8110.5,18746.0,7056.0,30231.5
0,10.6786,0.16,0.43999999999999995,0.24000000000000002,0.16,0.36,0.28,0.24000000000000002,0.12,14784.0,2737.0,66317.0,397.5
0,10.6786,0.39999999999999997,0.24000000000000002,0.12,0.24000000000000002,0.43999999999999995,0.08,0.16,0.32,5397.0,636.0,2316.0,1927.0
0,10.6786,0.36,0.28,0.2,0.16,0.36,0.28,0.12,0.24000000000000002,18132.0,5113.5,32704.5,161.5
0,10.6786,0.28,0.39999999999999997,0.16,0.16,0.28,0.5599999999999999,0.12,0.04,10391.5,10391.5,25906.0,625.0
1,10.6667,0.28,0.24000000000000002,0.2,0.28,0.2,0.08,0.36,0.36,10648.0,49412.0,6012.0,5962.0
0,10.6667,0.2,0.5599999999999999,0.08,0.16,0.43999999999999995,0.24000000000000002,0.16,0.16,25415.5,5847.0,4241.0,32968.0
0,10.6667,0.28,0.36,0.16,0.2,0.24000000000000002,0.2,0.39999999999999997,0.16,12877.0,17202.0,32097.0,4785.5
1,10.6667,0.28,0.24000000000000002,0.12,0.36,0.32,0.36,0.24000000000000002,0.08,16313.0,8942.5,30410.0,30322.5
0,10.6667,0.5199999999999999,0.24000000000000002,0.04,0.2,0.12,0.16,0.39999999999999997,0.32,5666.0,27822.5,3855.0,9312.0
1,10.6548,0.43999999999999995,0.24000000000000002,0.08,0.24000000000000002,0.36,0.24000000000000002,0.08,0.32,25027.5,26577.5,36604.5,17987.0
0,10.6548,0.24000000000000002,0.5199999999999999,0.08,0.16,0.36,0.39999999999999997,0.12,0.12,4446.5,422.5,1854.5,1781.0
0,10.6548,0.39999999999999997,0.32,0.16,0.12,0.5199999999999999,0.16,0.16,0.16,72279.0,66553.0,39156.0,1960.5
0,10.6429,0.16,0.2,0.2,0.43999999999999995,0.28,0.12,0.32,0.28,38135.5,1279.0,70330.0,28792.0
0,10.6429,0.32,0.24000000000000002,0.32,0.12,0.28,0.43999999999999995,0.16,0.12,40485.0,8528.0,935.5,23176.0
0,10.630999999999998,0.28,0.24000000000000002,0.24000000000000002,0.24000000000000002,0.32,0.24000000000000002,0.28,0.16,87644.5,17943.0,20821.0,37431.0
0,10.630999999999998,0.24000000000000002,0.43999999999999995,0.04,0.28,0.24000000000000002,0.28,0.2,0.28,114.0,46018.5,80987.0,8717.0
0,10.630999999999998,0.28,0.36,0.2,0.16,0.12,0.28,0.36,0.24000000000000002,17347.5,48761.0,28067.5,1499.5
1,10.619000000000002,0.2,0.39999999999999997,0.12,0.28,0.36,0.28,0.08,0.28,1254.5,18709.5,9552.0,23479.0
0,10.619000000000002,0.39999999999999997,0.2,0.24000000000000002,0.16,0.28,0.32,0.16,0.24000000000000002,876.0,21304.0,5938.5,5938.5
0,10.6071,0.39999999999999997,0.16,0.2,0.24000000000000002,0.36,0.16,0.16,0.32,2809.0,2809.0,1370.0,4095.5
0,10.6071,0.2,0.2,0.2,0.39999999999999997,0.08,0.36,0.36,0.2,61815.5,37955.0,49175.0,960.0
1,10.5952,0.28,0.36,0.28,0.08,0.16,0.24000000000000002,0.32,0.28,31535.5,10830.0,4179.0,3818.0
0,10.5952,0.28,0.43999999999999995,0.2,0.08,0.39999999999999997,0.43999999999999995,0.08,0.08,9066.0,13391.0,35908.0,8596.5
0,10.5952,0.12,0.32,0.2,0.36,0.32,0.24000000000000002,0.2,0.24000000000000002,5040.0,5040.0,32248.5,4953.0
0,10.5833,0.4799999999999999,0.28,0.04,0.2,0.4799999999999999,0.39999999999999997,0.08,0.04,3867.5,3867.5,23109.0,19934.5
0,10.5714,0.28,0.12,0.36,0.24000000000000002,0.2,0.24000000000000002,0.32,0.24000000000000002,43237.5,22539.5,3369.5,14449.0
0,10.5714,0.4799999999999999,0.32,0.04,0.16,0.2,0.4799999999999999,0.2,0.12,18621.0,28513.5,5377.0,500.5
0,10.5595,0.32,0.4799999999999999,0.12,0.08,0.32,0.39999999999999997,0.08,0.2,7065.5,12943.0,11495.5,655.0
1,10.5595,0.43999999999999995,0.32,0.08,0.16,0.39999999999999997,0.43999999999999995,0.12,0.04,3829.0,21414.0,107606.0,1846.5
0,10.5595,0.16,0.4799999999999999,0.16,0.2,0.2,0.24000000000000002,0.28,0.28,12384.5,2380.0,70126.0,6007.0
1,10.5476,0.39999999999999997,0.2,0.28,0.12,0.24000000000000002,0.39999999999999997,0.2,0.16,11873.5,11873.5,5518.5,30315.0
1,10.5476,0.24000000000000002,0.24000000000000002,0.24000000000000002,0.28,0.28,0.2,0.16,0.36,12082.0,35846.0,10711.0,2966.5
0,10.5476,0.16,0.36,0.2,0.28,0.16,0.43999999999999995,0.2,0.2,17396.5,24472.0,3697.0,2851.5
1,10.5476,0.28,0.36,0.24000000000000002,0.12,0.2,0.28,0.36,0.16,22402.0,12136.0,11045.0,19157.0
0,10.5476,0.36,0.39999999999999997,0.08,0.16,0.36,0.24000000000000002,0.16,0.24000000000000002,17398.0,11672.0,94037.0,56841.5
0,10.5476,0.32,0.08,0.36,0.24000000000000002,0.32,0.28,0.28,0.12,7876.0,10759.0,2595.0,44597.0
0,10.5476,0.5199999999999999,0.24000000000000002,0.12,0.12,0.39999999999999997,0.2,0.24000000000000002,0.16,805.0,26607.0,31635.5,22370.5
0,10.5476,0.28,0.24000000000000002,0.16,0.32,0.24000000000000002,0.28,0.28,0.2,20887.5,22029.5,15619.5,25879.5
0,10.5357,0.2,0.16,0.39999999999999997,0.24000000000000002,0.2,0.12,0.32,0.36,12801.0,1776.0,24487.5,2244.0
0,10.5357,0.16,0.4799999999999999,0.16,0.2,0.24000000000000002,0.6,0.08,0.08,16714.5,41273.0,6280.0,16064.5
0,10.5357,0.24000000000000002,0.36,0.16,0.24000000000000002,0.2,0.43999999999999995,0.16,0.2,17789.5,2464.5,93201.0,6071.0
0,10.5238,0.24000000000000002,0.2,0.24000000000000002,0.32,0.08,0.32,0.24000000000000002,0.36,7354.0,7513.0,4186.0,4186.0
0,10.5238,0.16,0.32,0.2,0.32,0.43999999999999995,0.08,0.2,0.28,10822.5,10822.5,15280.5,22793.5
0,10.5238,0.16,0.32,0.39999999999999997,0.12,0.2,0.16,0.32,0.32,5378.5,36792.0,40036.5,13468.5
0,10.5238,0.39999999999999997,0.16,0.28,0.16,0.36,0.12,0.12,0.39999999999999997,20411.5,5086.5,90579.0,3449.0
0,10.5119,0.24000000000000002,0.28,0.24000000000000002,0.24000000000000002,0.16,0.32,0.24000000000000002,0.28,4731.0,52284.0,7021.0,5053.5
0,10.5,0.2,0.28,0.28,0.24000000000000002,0.36,0.08,0.24000000000000002,0.32,14843.0,31433.0,1666.5,12476.0
0,10.5,0.16,0.24000000000000002,0.2,0.39999999999999997,0.32,0.32,0.2,0.16,26204.0,8734.5,57039.0,7273.5
0,10.4881,0.04,0.16,0.39999999999999997,0.39999999999999997,0.32,0.28,0.2,0.2,3293.5,3273.5,1894.5,26300.0
0,10.4881,0.12,0.24000000000000002,0.43999999999999995,0.2,0.24000000000000002,0.24000000000000002,0.2,0.32,144.0,3027.0,10327.0,52329.0
0,10.4881,0.24000000000000002,0.24000000000000002,0.24000000000000002,0.28,0.28,0.12,0.32,0.28,2200.0,7879.5,15751.0,14677.0
1,10.4762,0.32,0.36,0.16,0.16,0.32,0.32,0.28,0.08,4499.5,4499.5,8683.5,8683.5
0,10.4762,0.32,0.08,0.16,0.43999999999999995,0.36,0.16,0.04,0.43999999999999995,68322.0,14531.0,4360.0,4201.0
0,10.4762,0.28,0.32,0.2,0.2,0.32,0.16,0.2,0.32,7056.0,17170.0,6214.0,21645.0
0,10.4762,0.2,0.28,0.2,0.32,0.28,0.16,0.32,0.24000000000000002,21915.0,16189.0,89520.0,52324.5
0,10.4762,0.28,0.28,0.12,0.32,0.16,0.4799999999999999,0.2,0.16,878.0,6136.5,6312.0,49547.5
0,10.4643,0.43999999999999995,0.28,0.04,0.24000000000000002,0.43999999999999995,0.39999999999999997,0.12,0.04,3866.5,3866.5,23110.0,19935.5
0,10.4643,0.16,0.36,0.2,0.28,0.28,0.2,0.36,0.16,4482.0,14596.0,8788.0,24219.0
0,10.4643,0.4799999999999999,0.12,0.24000000000000002,0.16,0.28,0.2,0.32,0.2,14383.0,2100.5,9074.0,9074.0
0,10.4524,0.39999999999999997,0.28,0.2,0.12,0.43999999999999995,0.16,0.16,0.24000000000000002,18906.5,19591.5,3402.0,3402.0
0,10.4524,0.32,0.24000000000000002,0.24000000000000002,0.2,0.24000000000000002,0.28,0.24000000000000002,0.24000000000000002,8466.5,20694.0,25872.5,4971.5
0,10.4524,0.4799999999999999,0.32,0.16,0.04,0.24000000000000002,0.24000000000000002,0.39999999999999997,0.12,649.0,649.0,25239.0,825.0
1,10.4405,0.16,0.16,0.36,0.32,0.16,0.28,0.28,0.28,5521.0,44285.0,11139.0,11089.0
0,10.4405,0.4799999999999999,0.16,0.2,0.16,0.36,0.32,0.12,0.2,24139.0,8390.0,20624.0,3282.5
0,10.4405,0.2,0.2,0.28,0.32,0.36,0.12,0.16,0.36,68535.0,51669.0,12566.0,3302.0
0,10.4405,0.2,0.2,0.32,0.28,0.32,0.08,0.32,0.28,9670.5,21332.5,11899.5,1689.0
0,10.4405,0.16,0.2,0.39999999999999997,0.24000000000000002,0.24000000000000002,0.24000000000000002,0.2,0.32,702.0,18163.5,35577.0,12404.5
0,10.4286,0.32,0.2,0.24000000000000002,0.24000000000000002,0.24000000000000002,0.32,0.24000000000000002,0.2,5356.0,10415.5,41170.5,25399.0
1,10.4286,0.32,0.24000000000000002,0.32,0.12,0.28,0.28,0.2,0.24000000000000002,4523.5,8909.5,25133.0,3770.5
0,10.4286,0.24000000000000002,0.32,0.24000000000000002,0.2,0.24000000000000002,0.32,0.16,0.28,21428.0,24711.0,16913.5,10367.0
0,10.4286,0.24000000000000002,0.39999999999999997,0.16,0.2,0.39999999999999997,0.16,0.24000000000000002,0.2,14256.0,10034.0,397.0,47303.5
1,10.4167,0.28,0.12,0.36,0.24000000000000002,0.2,0.28,0.24000000000000002,0.28,9218.5,18093.0,38658.0,14177.0
0,10.4167,0.16,0.16,0.24000000000000002,0.43999999999999995,0.12,0.24000000000000002,0.24000000000000002,0.39999999999999997,10687.0,25184.0,6481.0,1715.0
0,10.4048,0.12,0.24000000000000002,0.39999999999999997,0.24000000000000002,0.28,0.28,0.24000000000000002,0.2,12945.5,1908.0,23352.0,5907.5
1,10.4048,0.39999999999999997,0.16,0.24000000000000002,0.2,0.04,0.32,0.32,0.32,7457.5,33922.5,22717.5,22750.0
0,10.4048,0.5599999999999999,0.16,0.12,0.16,0.16,0.32,0.16,0.36,60274.0,6483.0,12408.0,12249.0
0,10.4048,0.39999999999999997,0.36,0.2,0.04,0.24000000000000002,0.4799999999999999,0.12,0.16,26438.0,19067.5,20285.0,20197.5
1,10.3929,0.24000000000000002,0.4799999999999999,0.16,0.12,0.24000000000000002,0.36,0.12,0.28,3340.0,55667.0,2074.5,46908.0
0,10.3929,0.2,0.28,0.28,0.24000000000000002,0.32,0.16,0.16,0.36,36298.0,7009.5,990.5,990.5
0,10.3929,0.2,0.43999999999999995,0.24000000000000002,0.12,0.2,0.4799999999999999,0.2,0.12,11666.0,50430.0,4994.0,4944.0
0,10.3929,0.39999999999999997,0.16,0.28,0.16,0.28,0.36,0.16,0.2,21776.0,6027.0,22987.0,5645.5
0,10.3929,0.36,0.28,0.04,0.32,0.39999999999999997,0.28,0.16,0.16,12821.0,5341.5,9059.0,20616.5
0,10.3929,0.12,0.39999999999999997,0.16,0.32,0.36,0.12,0.28,0.24000000000000002,790.0,933.0,82453.0,16509.5
0,10.3929,0.24000000000000002,0.2,0.32,0.24000000000000002,0.43999999999999995,0.12,0.2,0.24000000000000002,17946.5,19088.5,18560.5,28820.5
0,10.380999999999998,0.36,0.2,0.08,0.36,0.43999999999999995,0.32,0.16,0.08,23564.5,2859.0,12150.0,11789.0
0,10.380999999999998,0.16,0.2,0.43999999999999995,0.2,0.04,0.24000000000000002,0.39999999999999997,0.32,5665.5,14860.0,15448.0,15448.0
1,10.369000000000002,0.5199999999999999,0.12,0.28,0.08,0.2,0.24000000000000002,0.12,0.43999999999999995,38757.5,18059.5,7849.5,18929.0
0,10.369000000000002,0.32,0.2,0.24000000000000002,0.24000000000000002,0.24000000000000002,0.32,0.16,0.28,73528.0,9986.0,9715.0,383.0
0,10.3571,0.36,0.12,0.16,0.36,0.12,0.36,0.2,0.32,17404.0,27296.5,6594.0,1717.5
0,10.3571,0.12,0.2,0.28,0.39999999999999997,0.12,0.16,0.39999999999999997,0.32,80949.5,4689.0,1561.0,16132.0
0,10.3452,0.32,0.2,0.16,0.32,0.24000000000000002,0.32,0.16,0.28,2055.0,15940.5,1863.0,2837.0
1,10.3452,0.04,0.16,0.39999999999999997,0.39999999999999997,0.36,0.2,0.32,0.12,12336.0,8375.0,67596.5,4997.5
0,10.3452,0.24000000000000002,0.39999999999999997,0.12,0.24000000000000002,0.43999999999999995,0.16,0.2,0.2,7951.0,2225.0,103484.0,66288.5
0,10.3333,0.24000000000000002,0.5199999999999999,0.16,0.08,0.28,0.32,0.2,0.2,18238.5,42797.0,4756.0,14540.5
0,10.3333,0.4799999999999999,0.36,0.0,0.16,0.36,0.08,0.24000000000000002,0.32,20360.0,1754.5,23612.0,9622.5
0,10.3333,0.39999999999999997,0.28,0.16,0.16,0.32,0.24000000000000002,0.24000000000000002,0.2,507.0,507.0,2034.5,1977.5
0,10.3333,0.24000000000000002,0.08,0.36,0.32,0.12,0.36,0.16,0.36,6300.5,21217.5,2454.5,10104.5
0,10.3333,0.39999999999999997,0.16,0.16,0.28,0.2,0.43999999999999995,0.12,0.24000000000000002,2555.5,14574.5,1966.5,8225.0
0,10.3214,0.2,0.36,0.16,0.28,0.32,0.28,0.2,0.2,35915.5,12803.0,72550.0,860.5
1,10.3214,0.28,0.36,0.04,0.32,0.28,0.4799999999999999,0.04,0.2,689.0,15107.5,51134.0,10850.5
0,10.3214,0.36,0.32,0.2,0.12,0.4799999999999999,0.36,0.0,0.16,25077.0,11119.5,4114.0,16452.0
1,10.3214,0.28,0.16,0.2,0.36,0.2,0.16,0.36,0.28,5482.0,44246.0,11178.0,11128.0
0,10.3214,0.5199999999999999,0.16,0.0,0.32,0.28,0.43999999999999995,0.16,0.12,602.0,47933.5,4782.0,7750.5
0,10.3095,0.28,0.4799999999999999,0.04,0.2,0.16,0.36,0.04,0.43999999999999995,8585.0,2859.0,102850.0,65654.5
0,10.2976,0.4799999999999999,0.28,0.08,0.16,0.36,0.43999999999999995,0.08,0.12,35627.5,37177.5,26004.5,7387.0
1,10.2976,0.32,0.28,0.16,0.24000000000000002,0.12,0.39999999999999997,0.24000000000000002,0.24000000000000002,4562.5,8948.5,25094.0,3731.5
0,10.2976,0.16,0.16,0.32,0.36,0.43999999999999995,0.16,0.24000000000000002,0.16,11539.0,37341.0,20901.5,11636.5
0,10.2976,0.2,0.12,0.32,0.36,0.28,0.32,0.12,0.28,6101.5,14976.0,41775.0,17294.0
0,10.2976,0.39999999999999997,0.08,0.24000000000000002,0.28,0.28,0.32,0.24000000000000002,0.16,21389.0,24672.0,16952.5,10406.0
0,10.2976,0.32,0.24000000000000002,0.12,0.32,0.32,0.32,0.2,0.16,9352.0,3626.0,102083.0,64887.5
1,10.2976,0.24000000000000002,0.16,0.32,0.28,0.36,0.2,0.04,0.39999999999999997,6238.0,23678.0,23968.0,12933.0
0,10.2857,0.12,0.39999999999999997,0.32,0.16,0.43999999999999995,0.32,0.16,0.08,12461.5,70203.0,23238.0,32372.0
0,10.2857,0.32,0.24000000000000002,0.24000000000000002,0.2,0.28,0.28,0.28,0.16,16498.0,749.0,28265.0,10923.5
0,10.2857,0.36,0.2,0.28,0.16,0.04,0.36,0.32,0.28,3774.0,9552.5,10292.0,10426.0
0,10.2857,0.32,0.16,0.2,0.32,0.32,0.28,0.28,0.12,8516.5,9201.5,13792.0,13792.0
1,10.2857,0.28,0.12,0.24000000000000002,0.36,0.2,0.2,0.36,0.24000000000000002,12442.5,12442.5,14534.0,11359.5
0,10.2857,0.36,0.16,0.28,0.2,0.43999999999999995,0.2,0.04,0.32,35935.5,6936.0,2595.0,6755.5
1,10.2738,0.36,0.39999999999999997,0.08,0.16,0.39999999999999997,0.39999999999999997,0.08,0.12,36256.5,17853.0,46254.0,30091.5
1,10.2738,0.36,0.08,0.2,0.36,0.2,0.28,0.24000000000000002,0.28,3314.5,20769.5,7492.0,21419.0
0,10.2738,0.16,0.24000000000000002,0.43999999999999995,0.16,0.39999999999999997,0.12,0.2,0.28,20961.5,22480.0,17569.0,7957.0
0,10.2619,0.36,0.24000000000000002,0.2,0.2,0.36,0.43999999999999995,0.08,0.12,44865.0,14095.5,1661.5,1152.5
0,10.2619,0.2,0.2,0.24000000000000002,0.36,0.24000000000000002,0.24000000000000002,0.12,0.39999999999999997,10190.0,24608.5,41633.0,1349.5
1,10.2619,0.28,0.28,0.16,0.28,0.16,0.2,0.12,0.5199999999999999,41416.0,123.5,41827.0,16471.0
0,10.2619,0.24000000000000002,0.32,0.2,0.24000000000000002,0.16,0.43999999999999995,0.12,0.28,14319.0,10790.0,10909.0,1120.5
0,10.2619,0.2,0.2,0.24000000000000002,0.36,0.12,0.08,0.43999999999999995,0.36,17849.0,21132.0,20492.5,13946.0
0,10.25,0.4799999999999999,0.24000000000000002,0.24000000000000002,0.04,0.24000000000000002,0.32,0.28,0.16,94436.5,24735.0,14029.0,30639.0
0,10.25,0.2,0.12,0.28,0.39999999999999997,0.16,0.2,0.39999999999999997,0.24000000000000002,6043.0,550.5,40680.0,1242.5
1,10.25,0.12,0.39999999999999997,0.24000000000000002,0.24000000000000002,0.24000000000000002,0.08,0.2,0.4799999999999999,99965.0,2648.0,11470.0,24251.0
1,10.25,0.28,0.08,0.32,0.32,0.16,0.2,0.28,0.36,5261.5,31726.5,24913.5,24946.0
0,10.25,0.36,0.28,0.16,0.2,0.08,0.2,0.32,0.39999999999999997,9409.0,9522.5,19782.0,4419.5
0,10.25,0.24000000000000002,0.39999999999999997,0.16,0.2,0.24000000000000002,0.2,0.32,0.24000000000000002,5933.5,6077.0,512.0,9934.5
0,10.2381,0.32,0.16,0.43999999999999995,0.08,0.12,0.28,0.2,0.39999999999999997,2913.0,12285.0,5639.5,5639.5
0,10.2381,0.2,0.2,0.32,0.28,0.28,0.2,0.28,0.24000000000000002,28165.0,4109.0,8319.0,8319.0
0,10.2381,0.28,0.24000000000000002,0.24000000000000002,0.24000000000000002,0.36,0.2,0.16,0.28,15993.0,4971.5,56689.0,9261.0
0,10.2381,0.12,0.32,0.24000000000000002,0.32,0.24000000000000002,0.16,0.2,0.39999999999999997,33671.0,6972.0,17165.5,6883.0
0,10.2381,0.12,0.28,0.2,0.39999999999999997,0.2,0.12,0.28,0.39999999999999997,29697.0,7564.5,22126.0,26769.0
1,10.2381,0.16,0.32,0.24000000000000002,0.28,0.2,0.28,0.28,0.24000000000000002,25804.0,16035.0,1550.0,7225.5
0,10.2262,0.2,0.32,0.24000000000000002,0.24000000000000002,0.24000000000000002,0.24000000000000002,0.36,0.16,3696.5,3389.5,1278.5,1278.5
1,10.2262,0.28,0.32,0.28,0.12,0.2,0.32,0.24000000000000002,0.24000000000000002,5020.5,5020.5,12371.5,37168.0
0,10.2262,0.36,0.32,0.16,0.16,0.24000000000000002,0.24000000000000002,0.2,0.32,5669.5,30228.0,17325.0,27109.5
1,10.2262,0.2,0.28,0.36,0.16,0.04,0.28,0.43999999999999995,0.24000000000000002,597.5,12259.5,20972.5,10762.0
1,10.2262,0.24000000000000002,0.39999999999999997,0.24000000000000002,0.12,0.36,0.16,0.28,0.2,9255.0,23752.0,7913.0,3147.0
0,10.2143,0.43999999999999995,0.39999999999999997,0.12,0.04,0.36,0.36,0.16,0.12,20929.0,5180.0,23834.0,6492.5
0,10.2143,0.36,0.28,0.16,0.2,0.08,0.36,0.12,0.43999999999999995,4655.0,7854.5,18802.0,7554.5
0,10.2143,0.2,0.16,0.28,0.36,0.28,0.24000000000000002,0.28,0.2,2220.5,10077.5,27239.0,4975.0
0,10.2143,0.39999999999999997,0.39999999999999997,0.08,0.12,0.36,0.36,0.24000000000000002,0.04,7829.0,55382.0,3923.0,1955.5
0,10.2143,0.32,0.24000000000000002,0.2,0.24000000000000002,0.16,0.24000000000000002,0.28,0.32,34213.0,10157.0,2271.0,2271.0
0,10.2024,0.08,0.2,0.24000000000000002,0.4799999999999999,0.32,0.32,0.16,0.2,18780.0,3735.0,18508.5,10428.0
0,10.2024,0.2,0.24000000000000002,0.24000000000000002,0.32,0.43999999999999995,0.2,0.16,0.2,66478.0,2936.0,16765.0,7433.0
0,10.2024,0.24000000000000002,0.4799999999999999,0.16,0.12,0.24000000000000002,0.2,0.28,0.28,35444.0,8377.5,9530.0,2706.5
0,10.2024,0.24000000000000002,0.39999999999999997,0.12,0.24000000000000002,0.32,0.0,0.36,0.32,35647.0,7182.0,4295.5,4321.5
0,10.2024,0.32,0.24000000000000002,0.12,0.32,0.04,0.43999999999999995,0.24000000000000002,0.28,4585.0,5065.5,1121.0,14156.5
0,10.2024,0.08,0.32,0.2,0.39999999999999997,0.16,0.16,0.36,0.32,6563.0,9762.5,16894.0,5646.5
0,10.1905,0.08,0.32,0.28,0.32,0.24000000000000002,0.24000000000000002,0.28,0.24000000000000002,6473.5,6473.5,490.0,490.0
0,10.1905,0.2,0.39999999999999997,0.16,0.24000000000000002,0.12,0.43999999999999995,0.16,0.28,121.5,121.5,3243.0,3243.0
1,10.1905,0.16,0.32,0.43999999999999995,0.08,0.2,0.2,0.32,0.28,1617.5,17006.0,2657.0,2657.0
1,10.1905,0.16,0.43999999999999995,0.16,0.24000000000000002,0.28,0.43999999999999995,0.2,0.08,17149.5,14.5,18565.0,3545.0
1,10.1905,0.08,0.4799999999999999,0.32,0.12,0.39999999999999997,0.16,0.32,0.12,15581.0,15581.0,2042.5,6950.5
1,10.1905,0.39999999999999997,0.04,0.39999999999999997,0.16,0.39999999999999997,0.32,0.2,0.08,16186.5,16186.5,10790.0,7615.5
0,10.1905,0.36,0.24000000000000002,0.24000000000000002,0.16,0.5199999999999999,0.16,0.2,0.12,295.0,10698.0,5335.5,16544.5
1,10.1786,0.16,0.32,0.32,0.2,0.28,0.28,0.16,0.28,11033.0,16092.5,35493.5,19722.0
0,10.1786,0.04,0.32,0.36,0.28,0.08,0.24000000000000002,0.4799999999999999,0.2,791.5,19105.0,8321.5,19727.0
0,10.1786,0.43999999999999995,0.32,0.16,0.08,0.12,0.32,0.24000000000000002,0.32,18063.5,42622.0,4931.0,14715.5
1,10.1786,0.08,0.5199999999999999,0.2,0.2,0.32,0.32,0.12,0.24000000000000002,8250.0,22747.0,8918.0,4152.0
1,10.1786,0.24000000000000002,0.24000000000000002,0.2,0.32,0.16,0.32,0.32,0.2,14427.5,2668.0,5296.0,27640.0
0,10.1786,0.32,0.12,0.24000000000000002,0.32,0.2,0.24000000000000002,0.32,0.24000000000000002,6655.5,23504.5,17955.5,19824.5
0,10.1667,0.39999999999999997,0.16,0.28,0.16,0.36,0.43999999999999995,0.12,0.08,66335.5,29479.0,42130.0,592.0
0,10.1667,0.16,0.24000000000000002,0.32,0.28,0.2,0.28,0.28,0.24000000000000002,36877.0,4920.0,4543.5,26784.0
0,10.1667,0.32,0.16,0.24000000000000002,0.28,0.16,0.39999999999999997,0.24000000000000002,0.2,15924.5,3836.0,3760.5,12295.0
0,10.1667,0.28,0.28,0.24000000000000002,0.2,0.24000000000000002,0.2,0.28,0.28,10327.5,10327.5,1119.0,12443.0
0,10.1667,0.39999999999999997,0.16,0.28,0.16,0.36,0.43999999999999995,0.12,0.08,6242.0,16695.0,7863.5,40642.5
0,10.1667,0.32,0.2,0.32,0.16,0.16,0.4799999999999999,0.04,0.32,10004.5,36469.5,20170.5,20203.0
1,10.1667,0.04,0.32,0.39999999999999997,0.24000000000000002,0.32,0.08,0.43999999999999995,0.16,10963.5,6551.0,829.0,829.0
0,10.1667,0.43999999999999995,0.2,0.2,0.16,0.24000000000000002,0.28,0.32,0.16,1171.5,1130.0,25887.5,16479.0
0,10.1667,0.24000000000000002,0.2,0.28,0.28,0.2,0.24000000000000002,0.12,0.43999999999999995,8742.5,35207.5,21432.5,21465.0
1,10.1548,0.32,0.32,0.24000000000000002,0.12,0.4799999999999999,0.36,0.16,0.0,4791.0,3817.0,11588.5,566.0
0,10.1548,0.08,0.4799999999999999,0.12,0.32,0.36,0.32,0.08,0.24000000000000002,15291.0,53899.0,2314.0,1457.0
0,10.1548,0.2,0.28,0.28,0.24000000000000002,0.24000000000000002,0.24000000000000002,0.28,0.24000000000000002,7439.0,3478.0,72493.5,9894.5
1,10.1548,0.16,0.32,0.24000000000000002,0.28,0.36,0.2,0.16,0.28,17431.5,14019.0,26682.5,6199.5
0,10.1548,0.43999999999999995,0.08,0.32,0.16,0.36,0.28,0.24000000000000002,0.12,3277.0,55604.0,2137.5,46971.0
0,10.1548,0.28,0.16,0.28,0.28,0.32,0.36,0.12,0.2,6760.0,54313.0,4992.0,3024.5
